/home/runner/work/android_kernel_mt8163/android_kernel_mt8163/kernel/alps/tb8163p3_bsp/drivers/gpu/drm/nouveau/nvkm/engine/disp/priv.h:3:10: error: 'engine/disp.h' file not found [clang-diagnostic-error]
/home/runner/work/android_kernel_mt8163/android_kernel_mt8163/kernel/alps/tb8163p3_bsp/drivers/gpu/drm/nouveau/nvkm/engine/pm/priv.h:4:10: error: 'engine/pm.h' file not found [clang-diagnostic-error]
/home/runner/work/android_kernel_mt8163/android_kernel_mt8163/kernel/alps/tb8163p3_bsp/drivers/media/usb/siano/smsusb.c:22:10: error: 'smscoreapi.h' file not found [clang-diagnostic-error]
/home/runner/work/android_kernel_mt8163/android_kernel_mt8163/kernel/alps/tb8163p3_bsp/drivers/gpu/drm/nouveau/nvkm/core/mm.c:24:10: error: 'core/mm.h' file not found [clang-diagnostic-error]
/home/runner/work/android_kernel_mt8163/android_kernel_mt8163/kernel/alps/tb8163p3_bsp/drivers/gpu/drm/nouveau/nvkm/subdev/devinit/priv.h:4:10: error: 'subdev/devinit.h' file not found [clang-diagnostic-error]
/home/runner/work/android_kernel_mt8163/android_kernel_mt8163/kernel/alps/tb8163p3_bsp/drivers/gpu/drm/nouveau/nvkm/engine/disp/priv.h:3:10: error: 'engine/disp.h' file not found [clang-diagnostic-error]
/home/runner/work/android_kernel_mt8163/android_kernel_mt8163/kernel/alps/tb8163p3_bsp/drivers/gpu/drm/nouveau/nvkm/engine/gr/priv.h:4:10: error: 'engine/gr.h' file not found [clang-diagnostic-error]
/home/runner/work/android_kernel_mt8163/android_kernel_mt8163/kernel/alps/tb8163p3_bsp/drivers/gpu/drm/nouveau/nvkm/engine/sw/priv.h:4:10: error: 'engine/sw.h' file not found [clang-diagnostic-error]
/home/runner/work/android_kernel_mt8163/android_kernel_mt8163/kernel/alps/tb8163p3_bsp/tools/perf/tests/builtin-test.c:8:10: error: 'builtin.h' file not found [clang-diagnostic-error]
/home/runner/work/android_kernel_mt8163/android_kernel_mt8163/kernel/alps/tb8163p3_bsp/drivers/gpu/drm/nouveau/nvkm/engine/msvld/priv.h:3:10: error: 'engine/msvld.h' file not found [clang-diagnostic-error]
/home/runner/work/android_kernel_mt8163/android_kernel_mt8163/kernel/alps/tb8163p3_bsp/fs/xfs/xfs_linux.h:41:10: error: 'xfs_types.h' file not found [clang-diagnostic-error]
/home/runner/work/android_kernel_mt8163/android_kernel_mt8163/kernel/alps/tb8163p3_bsp/drivers/iommu/mtk_iommu_ext.c:15:10: error: 'mach/pseudo_m4u.h' file not found [clang-diagnostic-error]
/home/runner/work/android_kernel_mt8163/android_kernel_mt8163/kernel/alps/tb8163p3_bsp/drivers/gpu/drm/nouveau/nvkm/subdev/bios/xpio.c:24:10: error: 'subdev/bios.h' file not found [clang-diagnostic-error]
/home/runner/work/android_kernel_mt8163/android_kernel_mt8163/kernel/alps/tb8163p3_bsp/drivers/gpu/drm/nouveau/nvkm/subdev/mc/priv.h:4:10: error: 'subdev/mc.h' file not found [clang-diagnostic-error]
/home/runner/work/android_kernel_mt8163/android_kernel_mt8163/kernel/alps/tb8163p3_bsp/drivers/gpu/drm/nouveau/nvkm/engine/fifo/priv.h:4:10: error: 'engine/fifo.h' file not found [clang-diagnostic-error]
/home/runner/work/android_kernel_mt8163/android_kernel_mt8163/kernel/alps/tb8163p3_bsp/drivers/gpu/drm/nouveau/nvkm/core/firmware.c:22:10: error: 'core/device.h' file not found [clang-diagnostic-error]
/home/runner/work/android_kernel_mt8163/android_kernel_mt8163/kernel/alps/tb8163p3_bsp/fs/xfs/xfs_linux.h:41:10: error: 'xfs_types.h' file not found [clang-diagnostic-error]
/home/runner/work/android_kernel_mt8163/android_kernel_mt8163/kernel/alps/tb8163p3_bsp/arch/sh/include/asm/asm-offsets.h:1:10: error: 'generated/asm-offsets.h' file not found [clang-diagnostic-error]
/home/runner/work/android_kernel_mt8163/android_kernel_mt8163/kernel/alps/tb8163p3_bsp/drivers/gpu/drm/nouveau/nvkm/subdev/gpio/priv.h:4:10: error: 'subdev/gpio.h' file not found [clang-diagnostic-error]
/home/runner/work/android_kernel_mt8163/android_kernel_mt8163/kernel/alps/tb8163p3_bsp/sound/soc/mediatek/common_int/mtk-soc-pcm-voice-usb-echoref.c:49:10: error: 'mtk-auddrv-afe.h' file not found [clang-diagnostic-error]
/home/runner/work/android_kernel_mt8163/android_kernel_mt8163/kernel/alps/tb8163p3_bsp/drivers/gpu/drm/nouveau/nvkm/subdev/fb/priv.h:4:10: error: 'subdev/fb.h' file not found [clang-diagnostic-error]
/home/runner/work/android_kernel_mt8163/android_kernel_mt8163/kernel/alps/tb8163p3_bsp/include/math-emu/soft-fp.h:204:10: error: 'stdlib/longlong.h' file not found [clang-diagnostic-error]
/home/runner/work/android_kernel_mt8163/android_kernel_mt8163/kernel/alps/tb8163p3_bsp/drivers/gpu/drm/nouveau/nvkm/engine/gr/priv.h:4:10: error: 'engine/gr.h' file not found [clang-diagnostic-error]
/home/runner/work/android_kernel_mt8163/android_kernel_mt8163/kernel/alps/tb8163p3_bsp/drivers/gpu/drm/nouveau/nvkm/engine/fifo/priv.h:4:10: error: 'engine/fifo.h' file not found [clang-diagnostic-error]
/home/runner/work/android_kernel_mt8163/android_kernel_mt8163/kernel/alps/tb8163p3_bsp/tools/perf/util/lzma.c:1:10: error: 'lzma.h' file not found [clang-diagnostic-error]
/home/runner/work/android_kernel_mt8163/android_kernel_mt8163/kernel/alps/tb8163p3_bsp/tools/usb/usbip/libsrc/usbip_host_common.c:31:10: error: 'libudev.h' file not found [clang-diagnostic-error]
/home/runner/work/android_kernel_mt8163/android_kernel_mt8163/kernel/alps/tb8163p3_bsp/drivers/gpu/drm/nouveau/nvkm/subdev/fb/priv.h:4:10: error: 'subdev/fb.h' file not found [clang-diagnostic-error]
/home/runner/work/android_kernel_mt8163/android_kernel_mt8163/kernel/alps/tb8163p3_bsp/arch/x86/um/sys_call_table_32.c:9:10: error: 'generated/user_constants.h' file not found [clang-diagnostic-error]
/home/runner/work/android_kernel_mt8163/android_kernel_mt8163/kernel/alps/tb8163p3_bsp/drivers/gpu/drm/nouveau/nvkm/subdev/bus/priv.h:4:10: error: 'subdev/bus.h' file not found [clang-diagnostic-error]
/home/runner/work/android_kernel_mt8163/android_kernel_mt8163/kernel/alps/tb8163p3_bsp/drivers/misc/mediatek/sensors-1.0/accelerometer/accelhub/accelhub.c:18:10: error: 'SCP_power_monitor.h' file not found [clang-diagnostic-error]
/home/runner/work/android_kernel_mt8163/android_kernel_mt8163/kernel/alps/tb8163p3_bsp/drivers/gpu/drm/nouveau/nvkm/subdev/gpio/priv.h:4:10: error: 'subdev/gpio.h' file not found [clang-diagnostic-error]
/home/runner/work/android_kernel_mt8163/android_kernel_mt8163/kernel/alps/tb8163p3_bsp/tools/power/acpi/os_specific/service_layers/oslinuxtbl.c:44:10: error: 'acpidump.h' file not found [clang-diagnostic-error]
/home/runner/work/android_kernel_mt8163/android_kernel_mt8163/kernel/alps/tb8163p3_bsp/drivers/gpu/drm/nouveau/nvkm/subdev/therm/priv.h:27:10: error: 'subdev/therm.h' file not found [clang-diagnostic-error]
/home/runner/work/android_kernel_mt8163/android_kernel_mt8163/kernel/alps/tb8163p3_bsp/drivers/gpu/drm/nouveau/nvkm/engine/gr/priv.h:4:10: error: 'engine/gr.h' file not found [clang-diagnostic-error]
/home/runner/work/android_kernel_mt8163/android_kernel_mt8163/kernel/alps/tb8163p3_bsp/tools/testing/selftests/vm/mlock-random-test.c:7:10: error: 'sys/capability.h' file not found [clang-diagnostic-error]
/home/runner/work/android_kernel_mt8163/android_kernel_mt8163/kernel/alps/tb8163p3_bsp/drivers/gpu/drm/nouveau/nvkm/subdev/mxm/priv.h:4:10: error: 'subdev/mxm.h' file not found [clang-diagnostic-error]
/home/runner/work/android_kernel_mt8163/android_kernel_mt8163/kernel/alps/tb8163p3_bsp/drivers/gpu/drm/nouveau/nvkm/engine/disp/priv.h:3:10: error: 'engine/disp.h' file not found [clang-diagnostic-error]
/home/runner/work/android_kernel_mt8163/android_kernel_mt8163/kernel/alps/tb8163p3_bsp/drivers/gpu/drm/nouveau/nvkm/subdev/mc/priv.h:4:10: error: 'subdev/mc.h' file not found [clang-diagnostic-error]
/home/runner/work/android_kernel_mt8163/android_kernel_mt8163/kernel/alps/tb8163p3_bsp/drivers/gpu/drm/nouveau/nvkm/subdev/fb/priv.h:4:10: error: 'subdev/fb.h' file not found [clang-diagnostic-error]
/home/runner/work/android_kernel_mt8163/android_kernel_mt8163/kernel/alps/tb8163p3_bsp/drivers/gpu/drm/nouveau/nvkm/engine/disp/priv.h:3:10: error: 'engine/disp.h' file not found [clang-diagnostic-error]
/home/runner/work/android_kernel_mt8163/android_kernel_mt8163/kernel/alps/tb8163p3_bsp/sound/soc/mediatek/common_int/mtk-auddrv-common.h:46:10: error: 'mtk-auddrv-afe.h' file not found [clang-diagnostic-error]
/home/runner/work/android_kernel_mt8163/android_kernel_mt8163/kernel/alps/tb8163p3_bsp/drivers/gpu/drm/nouveau/nvkm/engine/disp/priv.h:3:10: error: 'engine/disp.h' file not found [clang-diagnostic-error]
/home/runner/work/android_kernel_mt8163/android_kernel_mt8163/kernel/alps/tb8163p3_bsp/tools/perf/util/python.c:1:10: error: 'Python.h' file not found [clang-diagnostic-error]
/home/runner/work/android_kernel_mt8163/android_kernel_mt8163/kernel/alps/tb8163p3_bsp/tools/perf/util/scripting-engines/trace-event-python.c:22:10: error: 'Python.h' file not found [clang-diagnostic-error]
/home/runner/work/android_kernel_mt8163/android_kernel_mt8163/kernel/alps/tb8163p3_bsp/fs/xfs/libxfs/xfs_log_rlimit.c:18:10: error: 'xfs.h' file not found [clang-diagnostic-error]
/home/runner/work/android_kernel_mt8163/android_kernel_mt8163/kernel/alps/tb8163p3_bsp/drivers/gpu/drm/nouveau/nvkm/subdev/i2c/priv.h:4:10: error: 'subdev/i2c.h' file not found [clang-diagnostic-error]
/home/runner/work/android_kernel_mt8163/android_kernel_mt8163/kernel/alps/tb8163p3_bsp/drivers/gpu/drm/nouveau/nvkm/engine/disp/priv.h:3:10: error: 'engine/disp.h' file not found [clang-diagnostic-error]
/home/runner/work/android_kernel_mt8163/android_kernel_mt8163/kernel/alps/tb8163p3_bsp/drivers/gpu/drm/nouveau/nvkm/engine/gr/priv.h:4:10: error: 'engine/gr.h' file not found [clang-diagnostic-error]
/home/runner/work/android_kernel_mt8163/android_kernel_mt8163/kernel/alps/tb8163p3_bsp/drivers/gpu/drm/nouveau/nvkm/engine/disp/priv.h:3:10: error: 'engine/disp.h' file not found [clang-diagnostic-error]
/home/runner/work/android_kernel_mt8163/android_kernel_mt8163/kernel/alps/tb8163p3_bsp/drivers/misc/mediatek/cmdq/v2/mt8163/cmdq_mdp.c:14:10: error: 'cmdq_core.h' file not found [clang-diagnostic-error]
/home/runner/work/android_kernel_mt8163/android_kernel_mt8163/kernel/alps/tb8163p3_bsp/drivers/gpu/drm/nouveau/nvkm/subdev/clk/pll.h:3:10: error: 'core/os.h' file not found [clang-diagnostic-error]
/home/runner/work/android_kernel_mt8163/android_kernel_mt8163/kernel/alps/tb8163p3_bsp/drivers/media/dvb-frontends/sp2.h:20:10: error: 'dvb_ca_en50221.h' file not found [clang-diagnostic-error]
/home/runner/work/android_kernel_mt8163/android_kernel_mt8163/kernel/alps/tb8163p3_bsp/drivers/gpu/drm/nouveau/nvkm/engine/msvld/priv.h:3:10: error: 'engine/msvld.h' file not found [clang-diagnostic-error]
/home/runner/work/android_kernel_mt8163/android_kernel_mt8163/kernel/alps/tb8163p3_bsp/arch/x86/lib/inat.c:24:10: error: 'inat-tables.c' file not found [clang-diagnostic-error]
/home/runner/work/android_kernel_mt8163/android_kernel_mt8163/kernel/alps/tb8163p3_bsp/tools/usb/usbip/libsrc/usbip_common.h:8:10: error: 'libudev.h' file not found [clang-diagnostic-error]
/home/runner/work/android_kernel_mt8163/android_kernel_mt8163/kernel/alps/tb8163p3_bsp/drivers/gpu/drm/nouveau/nvkm/engine/mpeg/priv.h:3:10: error: 'engine/mpeg.h' file not found [clang-diagnostic-error]
/home/runner/work/android_kernel_mt8163/android_kernel_mt8163/kernel/alps/tb8163p3_bsp/drivers/gpu/drm/nouveau/nvkm/engine/disp/priv.h:3:10: error: 'engine/disp.h' file not found [clang-diagnostic-error]
/home/runner/work/android_kernel_mt8163/android_kernel_mt8163/kernel/alps/tb8163p3_bsp/drivers/gpu/drm/nouveau/nvkm/engine/fifo/priv.h:4:10: error: 'engine/fifo.h' file not found [clang-diagnostic-error]
/home/runner/work/android_kernel_mt8163/android_kernel_mt8163/kernel/alps/tb8163p3_bsp/fs/xfs/xfs_linux.h:41:10: error: 'xfs_types.h' file not found [clang-diagnostic-error]
/home/runner/work/android_kernel_mt8163/android_kernel_mt8163/kernel/alps/tb8163p3_bsp/drivers/media/usb/ttusb-dec/ttusbdecfe.c:22:10: error: 'dvb_frontend.h' file not found [clang-diagnostic-error]
/home/runner/work/android_kernel_mt8163/android_kernel_mt8163/kernel/alps/tb8163p3_bsp/tools/perf/ui/browsers/header.c:1:10: error: 'util/cache.h' file not found [clang-diagnostic-error]
/home/runner/work/android_kernel_mt8163/android_kernel_mt8163/kernel/alps/tb8163p3_bsp/drivers/gpu/drm/nouveau/nvkm/subdev/bios/M0205.c:24:10: error: 'subdev/bios.h' file not found [clang-diagnostic-error]
/home/runner/work/android_kernel_mt8163/android_kernel_mt8163/kernel/alps/tb8163p3_bsp/drivers/gpu/drm/nouveau/nvkm/engine/disp/priv.h:3:10: error: 'engine/disp.h' file not found [clang-diagnostic-error]
/home/runner/work/android_kernel_mt8163/android_kernel_mt8163/kernel/alps/tb8163p3_bsp/drivers/gpu/drm/nouveau/nvkm/subdev/i2c/pad.h:3:10: error: 'subdev/i2c.h' file not found [clang-diagnostic-error]
/home/runner/work/android_kernel_mt8163/android_kernel_mt8163/kernel/alps/tb8163p3_bsp/drivers/gpu/drm/nouveau/nvkm/engine/disp/priv.h:3:10: error: 'engine/disp.h' file not found [clang-diagnostic-error]
/home/runner/work/android_kernel_mt8163/android_kernel_mt8163/kernel/alps/tb8163p3_bsp/drivers/gpu/drm/nouveau/nvkm/engine/gr/priv.h:4:10: error: 'engine/gr.h' file not found [clang-diagnostic-error]
/home/runner/work/android_kernel_mt8163/android_kernel_mt8163/kernel/alps/tb8163p3_bsp/drivers/gpu/drm/nouveau/nvkm/engine/disp/priv.h:3:10: error: 'engine/disp.h' file not found [clang-diagnostic-error]
/home/runner/work/android_kernel_mt8163/android_kernel_mt8163/kernel/alps/tb8163p3_bsp/arch/arm/include/asm/mach-types.h:1:10: error: 'generated/mach-types.h' file not found [clang-diagnostic-error]
/home/runner/work/android_kernel_mt8163/android_kernel_mt8163/kernel/alps/tb8163p3_bsp/drivers/gpu/drm/nouveau/nvkm/subdev/fb/priv.h:4:10: error: 'subdev/fb.h' file not found [clang-diagnostic-error]
/home/runner/work/android_kernel_mt8163/android_kernel_mt8163/kernel/alps/tb8163p3_bsp/drivers/gpu/drm/nouveau/nvkm/engine/dma/priv.h:4:10: error: 'engine/dma.h' file not found [clang-diagnostic-error]
/home/runner/work/android_kernel_mt8163/android_kernel_mt8163/kernel/alps/tb8163p3_bsp/drivers/media/tuners/fc0011.h:4:10: error: 'dvb_frontend.h' file not found [clang-diagnostic-error]
/home/runner/work/android_kernel_mt8163/android_kernel_mt8163/kernel/alps/tb8163p3_bsp/drivers/net/ethernet/mellanox/mlx5/core/en_rep.c:33:10: error: 'generated/utsrelease.h' file not found [clang-diagnostic-error]
/home/runner/work/android_kernel_mt8163/android_kernel_mt8163/kernel/alps/tb8163p3_bsp/arch/mips/loongson64/common/cmdline.c:22:10: error: 'loongson.h' file not found [clang-diagnostic-error]
/home/runner/work/android_kernel_mt8163/android_kernel_mt8163/kernel/alps/tb8163p3_bsp/drivers/gpu/drm/nouveau/nvkm/engine/gr/priv.h:4:10: error: 'engine/gr.h' file not found [clang-diagnostic-error]
/home/runner/work/android_kernel_mt8163/android_kernel_mt8163/kernel/alps/tb8163p3_bsp/fs/xfs/xfs_linux.h:41:10: error: 'xfs_types.h' file not found [clang-diagnostic-error]
/home/runner/work/android_kernel_mt8163/android_kernel_mt8163/kernel/alps/tb8163p3_bsp/drivers/gpu/drm/nouveau/nvkm/engine/sw/priv.h:4:10: error: 'engine/sw.h' file not found [clang-diagnostic-error]
/home/runner/work/android_kernel_mt8163/android_kernel_mt8163/kernel/alps/tb8163p3_bsp/drivers/gpu/drm/nouveau/nvkm/engine/mspdec/priv.h:3:10: error: 'engine/mspdec.h' file not found [clang-diagnostic-error]
/home/runner/work/android_kernel_mt8163/android_kernel_mt8163/kernel/alps/tb8163p3_bsp/tools/perf/arch/powerpc/util/kvm-stat.c:1:10: error: 'util/kvm-stat.h' file not found [clang-diagnostic-error]
/home/runner/work/android_kernel_mt8163/android_kernel_mt8163/kernel/alps/tb8163p3_bsp/drivers/gpu/drm/nouveau/nvkm/subdev/pmu/priv.h:4:10: error: 'subdev/pmu.h' file not found [clang-diagnostic-error]
/home/runner/work/android_kernel_mt8163/android_kernel_mt8163/kernel/alps/tb8163p3_bsp/drivers/gpu/drm/nouveau/nvkm/subdev/instmem/priv.h:4:10: error: 'subdev/instmem.h' file not found [clang-diagnostic-error]
/home/runner/work/android_kernel_mt8163/android_kernel_mt8163/kernel/alps/tb8163p3_bsp/drivers/misc/mediatek/masp/asfv2/mach/hacc_mach.h:21:10: error: 'sec_osal_light.h' file not found [clang-diagnostic-error]
/home/runner/work/android_kernel_mt8163/android_kernel_mt8163/kernel/alps/tb8163p3_bsp/drivers/gpu/drm/nouveau/nvkm/subdev/mc/priv.h:4:10: error: 'subdev/mc.h' file not found [clang-diagnostic-error]
/home/runner/work/android_kernel_mt8163/android_kernel_mt8163/kernel/alps/tb8163p3_bsp/drivers/gpu/drm/nouveau/nvkm/subdev/bios/i2c.c:24:10: error: 'subdev/bios.h' file not found [clang-diagnostic-error]
/home/runner/work/android_kernel_mt8163/android_kernel_mt8163/kernel/alps/tb8163p3_bsp/drivers/misc/mediatek/masp/asfv2/core/sec_boot_core.c:17:10: error: 'sec_boot_lib.h' file not found [clang-diagnostic-error]
/home/runner/work/android_kernel_mt8163/android_kernel_mt8163/kernel/alps/tb8163p3_bsp/drivers/gpu/drm/nouveau/nvkm/subdev/clk/priv.h:4:10: error: 'subdev/clk.h' file not found [clang-diagnostic-error]
/home/runner/work/android_kernel_mt8163/android_kernel_mt8163/kernel/alps/tb8163p3_bsp/fs/xfs/libxfs/xfs_dir2_data.c:19:10: error: 'xfs.h' file not found [clang-diagnostic-error]
/home/runner/work/android_kernel_mt8163/android_kernel_mt8163/kernel/alps/tb8163p3_bsp/tools/build/feature/test-bionic.c:1:10: error: 'android/api-level.h' file not found [clang-diagnostic-error]
/home/runner/work/android_kernel_mt8163/android_kernel_mt8163/kernel/alps/tb8163p3_bsp/drivers/media/dvb-frontends/mn88473_priv.h:20:10: error: 'dvb_frontend.h' file not found [clang-diagnostic-error]
/home/runner/work/android_kernel_mt8163/android_kernel_mt8163/kernel/alps/tb8163p3_bsp/drivers/gpu/drm/nouveau/nvkm/subdev/timer/priv.h:4:10: error: 'subdev/timer.h' file not found [clang-diagnostic-error]
/home/runner/work/android_kernel_mt8163/android_kernel_mt8163/kernel/alps/tb8163p3_bsp/tools/perf/arch/x86/tests/intel-cqm.c:1:10: error: 'tests/tests.h' file not found [clang-diagnostic-error]
/home/runner/work/android_kernel_mt8163/android_kernel_mt8163/kernel/alps/tb8163p3_bsp/drivers/gpu/drm/nouveau/nvkm/subdev/clk/priv.h:4:10: error: 'subdev/clk.h' file not found [clang-diagnostic-error]
/home/runner/work/android_kernel_mt8163/android_kernel_mt8163/kernel/alps/tb8163p3_bsp/drivers/gpu/drm/nouveau/nvkm/subdev/bios/gpio.c:24:10: error: 'subdev/bios.h' file not found [clang-diagnostic-error]
/home/runner/work/android_kernel_mt8163/android_kernel_mt8163/kernel/alps/tb8163p3_bsp/drivers/gpu/drm/nouveau/nvkm/engine/dma/priv.h:4:10: error: 'engine/dma.h' file not found [clang-diagnostic-error]
/home/runner/work/android_kernel_mt8163/android_kernel_mt8163/kernel/alps/tb8163p3_bsp/drivers/misc/mediatek/eccci/port/port_cfg.c:14:10: error: 'ccci_config.h' file not found [clang-diagnostic-error]
/home/runner/work/android_kernel_mt8163/android_kernel_mt8163/kernel/alps/tb8163p3_bsp/sound/soc/mediatek/common_int/mtk-soc-pcm-voice-md2.c:49:10: error: 'mtk-auddrv-afe.h' file not found [clang-diagnostic-error]
/home/runner/work/android_kernel_mt8163/android_kernel_mt8163/kernel/alps/tb8163p3_bsp/drivers/gpu/drm/nouveau/nvkm/core/memory.c:24:10: error: 'core/memory.h' file not found [clang-diagnostic-error]
/home/runner/work/android_kernel_mt8163/android_kernel_mt8163/kernel/alps/tb8163p3_bsp/drivers/gpu/drm/nouveau/nvkm/engine/disp/priv.h:3:10: error: 'engine/disp.h' file not found [clang-diagnostic-error]
/home/runner/work/android_kernel_mt8163/android_kernel_mt8163/kernel/alps/tb8163p3_bsp/drivers/gpu/drm/nouveau/nvkm/engine/disp/priv.h:3:10: error: 'engine/disp.h' file not found [clang-diagnostic-error]
/home/runner/work/android_kernel_mt8163/android_kernel_mt8163/kernel/alps/tb8163p3_bsp/arch/mips/pnx833x/stb22x/board.c:28:10: error: 'pnx833x.h' file not found [clang-diagnostic-error]
/home/runner/work/android_kernel_mt8163/android_kernel_mt8163/kernel/alps/tb8163p3_bsp/drivers/gpu/drm/nouveau/nvkm/subdev/instmem/priv.h:4:10: error: 'subdev/instmem.h' file not found [clang-diagnostic-error]
/home/runner/work/android_kernel_mt8163/android_kernel_mt8163/kernel/alps/tb8163p3_bsp/sound/soc/mediatek/common_int/mtk-auddrv-scp-spkprotect-common.h:41:10: error: 'audio_spkprotect_msg_id.h' file not found [clang-diagnostic-error]
/home/runner/work/android_kernel_mt8163/android_kernel_mt8163/kernel/alps/tb8163p3_bsp/drivers/gpu/drm/nouveau/nvkm/subdev/fb/priv.h:4:10: error: 'subdev/fb.h' file not found [clang-diagnostic-error]
/home/runner/work/android_kernel_mt8163/android_kernel_mt8163/kernel/alps/tb8163p3_bsp/drivers/gpu/drm/nouveau/nvkm/subdev/fb/priv.h:4:10: error: 'subdev/fb.h' file not found [clang-diagnostic-error]
/home/runner/work/android_kernel_mt8163/android_kernel_mt8163/kernel/alps/tb8163p3_bsp/drivers/gpu/drm/nouveau/nvkm/subdev/timer/priv.h:4:10: error: 'subdev/timer.h' file not found [clang-diagnostic-error]
/home/runner/work/android_kernel_mt8163/android_kernel_mt8163/kernel/alps/tb8163p3_bsp/tools/build/feature/test-libnuma.c:2:10: error: 'numaif.h' file not found [clang-diagnostic-error]
/home/runner/work/android_kernel_mt8163/android_kernel_mt8163/kernel/alps/tb8163p3_bsp/drivers/gpu/drm/nouveau/nvkm/subdev/clk/priv.h:4:10: error: 'subdev/clk.h' file not found [clang-diagnostic-error]
/home/runner/work/android_kernel_mt8163/android_kernel_mt8163/kernel/alps/tb8163p3_bsp/arch/arm/mach-imx/devices/platform-gpio_keys.c:18:10: error: 'asm/sizes.h' file not found [clang-diagnostic-error]
/home/runner/work/android_kernel_mt8163/android_kernel_mt8163/kernel/alps/tb8163p3_bsp/drivers/gpu/drm/nouveau/nvkm/engine/disp/priv.h:3:10: error: 'engine/disp.h' file not found [clang-diagnostic-error]
/home/runner/work/android_kernel_mt8163/android_kernel_mt8163/kernel/alps/tb8163p3_bsp/fs/xfs/libxfs/xfs_dir2_block.c:19:10: error: 'xfs.h' file not found [clang-diagnostic-error]
/home/runner/work/android_kernel_mt8163/android_kernel_mt8163/kernel/alps/tb8163p3_bsp/drivers/gpu/drm/nouveau/nvkm/engine/gr/ctxnv40.h:3:10: error: 'core/gpuobj.h' file not found [clang-diagnostic-error]
/home/runner/work/android_kernel_mt8163/android_kernel_mt8163/kernel/alps/tb8163p3_bsp/lib/xz/xz_private.h:50:11: error: 'xz_config.h' file not found [clang-diagnostic-error]
/home/runner/work/android_kernel_mt8163/android_kernel_mt8163/kernel/alps/tb8163p3_bsp/drivers/gpu/drm/nouveau/nvkm/engine/disp/priv.h:3:10: error: 'engine/disp.h' file not found [clang-diagnostic-error]
/home/runner/work/android_kernel_mt8163/android_kernel_mt8163/kernel/alps/tb8163p3_bsp/sound/soc/mediatek/common_int/mtk-soc-machine.c:48:10: error: 'mtk-auddrv-afe.h' file not found [clang-diagnostic-error]
/home/runner/work/android_kernel_mt8163/android_kernel_mt8163/kernel/alps/tb8163p3_bsp/drivers/gpu/drm/nouveau/nvkm/subdev/bios/priv.h:4:10: error: 'subdev/bios.h' file not found [clang-diagnostic-error]
/home/runner/work/android_kernel_mt8163/android_kernel_mt8163/kernel/alps/tb8163p3_bsp/drivers/gpu/drm/nouveau/nvkm/subdev/fb/priv.h:4:10: error: 'subdev/fb.h' file not found [clang-diagnostic-error]
/home/runner/work/android_kernel_mt8163/android_kernel_mt8163/kernel/alps/tb8163p3_bsp/fs/xfs/xfs_linux.h:41:10: error: 'xfs_types.h' file not found [clang-diagnostic-error]
/home/runner/work/android_kernel_mt8163/android_kernel_mt8163/kernel/alps/tb8163p3_bsp/drivers/gpu/drm/nouveau/nvkm/core/engine.c:24:10: error: 'core/engine.h' file not found [clang-diagnostic-error]
/home/runner/work/android_kernel_mt8163/android_kernel_mt8163/kernel/alps/tb8163p3_bsp/drivers/net/fddi/skfp/h/targethw.h:30:10: error: 'fplus.h' file not found [clang-diagnostic-error]
/home/runner/work/android_kernel_mt8163/android_kernel_mt8163/kernel/alps/tb8163p3_bsp/fs/xfs/xfs_linux.h:41:10: error: 'xfs_types.h' file not found [clang-diagnostic-error]
/home/runner/work/android_kernel_mt8163/android_kernel_mt8163/kernel/alps/tb8163p3_bsp/drivers/gpu/drm/nouveau/nvkm/engine/fifo/priv.h:4:10: error: 'engine/fifo.h' file not found [clang-diagnostic-error]
/home/runner/work/android_kernel_mt8163/android_kernel_mt8163/kernel/alps/tb8163p3_bsp/drivers/media/dvb-frontends/a8293.h:20:10: error: 'dvb_frontend.h' file not found [clang-diagnostic-error]
/home/runner/work/android_kernel_mt8163/android_kernel_mt8163/kernel/alps/tb8163p3_bsp/drivers/net/fddi/skfp/h/targethw.h:30:10: error: 'fplus.h' file not found [clang-diagnostic-error]
/home/runner/work/android_kernel_mt8163/android_kernel_mt8163/kernel/alps/tb8163p3_bsp/tools/perf/arch/x86/util/unwind-libunwind.c:4:10: error: 'libunwind.h' file not found [clang-diagnostic-error]
/home/runner/work/android_kernel_mt8163/android_kernel_mt8163/kernel/alps/tb8163p3_bsp/drivers/gpu/drm/nouveau/nvkm/engine/disp/priv.h:3:10: error: 'engine/disp.h' file not found [clang-diagnostic-error]
/home/runner/work/android_kernel_mt8163/android_kernel_mt8163/kernel/alps/tb8163p3_bsp/drivers/gpu/drm/nouveau/nvkm/subdev/pci/priv.h:4:10: error: 'subdev/pci.h' file not found [clang-diagnostic-error]
/home/runner/work/android_kernel_mt8163/android_kernel_mt8163/kernel/alps/tb8163p3_bsp/tools/build/feature/test-libunwind-x86_64.c:1:10: error: 'libunwind-x86_64.h' file not found [clang-diagnostic-error]
/home/runner/work/android_kernel_mt8163/android_kernel_mt8163/kernel/alps/tb8163p3_bsp/drivers/misc/mediatek/sensors-1.0/sensorfusion/gamerotvechub/gamerotvechub.c:19:10: error: 'fusion.h' file not found [clang-diagnostic-error]
/home/runner/work/android_kernel_mt8163/android_kernel_mt8163/kernel/alps/tb8163p3_bsp/fs/xfs/xfs_linux.h:41:10: error: 'xfs_types.h' file not found [clang-diagnostic-error]
/home/runner/work/android_kernel_mt8163/android_kernel_mt8163/kernel/alps/tb8163p3_bsp/tools/power/cpupower/utils/helpers/pci.c:3:10: error: 'helpers/helpers.h' file not found [clang-diagnostic-error]
/home/runner/work/android_kernel_mt8163/android_kernel_mt8163/kernel/alps/tb8163p3_bsp/drivers/misc/mediatek/conn_md/include/conn_md_exp.h:17:10: error: 'port_ipc.h' file not found [clang-diagnostic-error]
/home/runner/work/android_kernel_mt8163/android_kernel_mt8163/kernel/alps/tb8163p3_bsp/fs/xfs/xfs_linux.h:41:10: error: 'xfs_types.h' file not found [clang-diagnostic-error]
/home/runner/work/android_kernel_mt8163/android_kernel_mt8163/kernel/alps/tb8163p3_bsp/drivers/gpu/drm/nouveau/nvkm/engine/dma/priv.h:4:10: error: 'engine/dma.h' file not found [clang-diagnostic-error]
/home/runner/work/android_kernel_mt8163/android_kernel_mt8163/kernel/alps/tb8163p3_bsp/drivers/gpu/drm/nouveau/nvkm/engine/gr/priv.h:4:10: error: 'engine/gr.h' file not found [clang-diagnostic-error]
/home/runner/work/android_kernel_mt8163/android_kernel_mt8163/kernel/alps/tb8163p3_bsp/drivers/gpu/drm/nouveau/nvkm/engine/gr/priv.h:4:10: error: 'engine/gr.h' file not found [clang-diagnostic-error]
/home/runner/work/android_kernel_mt8163/android_kernel_mt8163/kernel/alps/tb8163p3_bsp/tools/build/feature/test-sdt.c:1:10: error: 'sys/sdt.h' file not found [clang-diagnostic-error]
/home/runner/work/android_kernel_mt8163/android_kernel_mt8163/kernel/alps/tb8163p3_bsp/fs/xfs/xfs_linux.h:41:10: error: 'xfs_types.h' file not found [clang-diagnostic-error]
/home/runner/work/android_kernel_mt8163/android_kernel_mt8163/kernel/alps/tb8163p3_bsp/sound/soc/mediatek/common_int/mtk-soc-pcm-dl1.c:49:10: error: 'mtk-auddrv-afe.h' file not found [clang-diagnostic-error]
/home/runner/work/android_kernel_mt8163/android_kernel_mt8163/kernel/alps/tb8163p3_bsp/drivers/gpu/drm/nouveau/nvkm/subdev/pci/priv.h:4:10: error: 'subdev/pci.h' file not found [clang-diagnostic-error]
/home/runner/work/android_kernel_mt8163/android_kernel_mt8163/kernel/alps/tb8163p3_bsp/tools/build/feature/test-libunwind-arm.c:1:10: error: 'libunwind-arm.h' file not found [clang-diagnostic-error]
/home/runner/work/android_kernel_mt8163/android_kernel_mt8163/kernel/alps/tb8163p3_bsp/drivers/gpu/drm/nouveau/nvkm/engine/falcon.c:22:10: error: 'engine/falcon.h' file not found [clang-diagnostic-error]
/home/runner/work/android_kernel_mt8163/android_kernel_mt8163/kernel/alps/tb8163p3_bsp/arch/hexagon/kernel/ptrace.c:21:10: error: 'generated/compile.h' file not found [clang-diagnostic-error]
/home/runner/work/android_kernel_mt8163/android_kernel_mt8163/kernel/alps/tb8163p3_bsp/drivers/gpu/drm/nouveau/nvkm/subdev/pmu/priv.h:4:10: error: 'subdev/pmu.h' file not found [clang-diagnostic-error]
/home/runner/work/android_kernel_mt8163/android_kernel_mt8163/kernel/alps/tb8163p3_bsp/tools/build/feature/test-libunwind-debug-frame-aarch64.c:1:10: error: 'libunwind-aarch64.h' file not found [clang-diagnostic-error]
/home/runner/work/android_kernel_mt8163/android_kernel_mt8163/kernel/alps/tb8163p3_bsp/tools/power/cpupower/utils/helpers/msr.c:8:10: error: 'helpers/helpers.h' file not found [clang-diagnostic-error]
/home/runner/work/android_kernel_mt8163/android_kernel_mt8163/kernel/alps/tb8163p3_bsp/drivers/gpu/drm/nouveau/nvkm/subdev/therm/priv.h:27:10: error: 'subdev/therm.h' file not found [clang-diagnostic-error]
/home/runner/work/android_kernel_mt8163/android_kernel_mt8163/kernel/alps/tb8163p3_bsp/tools/testing/selftests/capabilities/validate_cap.c:1:10: error: 'cap-ng.h' file not found [clang-diagnostic-error]
/home/runner/work/android_kernel_mt8163/android_kernel_mt8163/kernel/alps/tb8163p3_bsp/fs/xfs/xfs_linux.h:41:10: error: 'xfs_types.h' file not found [clang-diagnostic-error]
/home/runner/work/android_kernel_mt8163/android_kernel_mt8163/kernel/alps/tb8163p3_bsp/drivers/gpu/drm/msm/edp/edp_connector.c:15:10: error: 'msm_kms.h' file not found [clang-diagnostic-error]
/home/runner/work/android_kernel_mt8163/android_kernel_mt8163/kernel/alps/tb8163p3_bsp/drivers/gpu/drm/nouveau/nvkm/engine/gr/priv.h:4:10: error: 'engine/gr.h' file not found [clang-diagnostic-error]
/home/runner/work/android_kernel_mt8163/android_kernel_mt8163/kernel/alps/tb8163p3_bsp/drivers/gpu/drm/nouveau/nvkm/engine/gr/priv.h:4:10: error: 'engine/gr.h' file not found [clang-diagnostic-error]
/home/runner/work/android_kernel_mt8163/android_kernel_mt8163/kernel/alps/tb8163p3_bsp/drivers/gpu/drm/nouveau/nvkm/engine/disp/priv.h:3:10: error: 'engine/disp.h' file not found [clang-diagnostic-error]
/home/runner/work/android_kernel_mt8163/android_kernel_mt8163/kernel/alps/tb8163p3_bsp/fs/xfs/xfs_linux.h:41:10: error: 'xfs_types.h' file not found [clang-diagnostic-error]
/home/runner/work/android_kernel_mt8163/android_kernel_mt8163/kernel/alps/tb8163p3_bsp/drivers/gpu/drm/nouveau/nvkm/subdev/ltc/priv.h:4:10: error: 'subdev/ltc.h' file not found [clang-diagnostic-error]
/home/runner/work/android_kernel_mt8163/android_kernel_mt8163/kernel/alps/tb8163p3_bsp/drivers/misc/mediatek/sensors-1.0/sensorfusion/gravityhub/gravityhub.c:20:10: error: 'fusion.h' file not found [clang-diagnostic-error]
/home/runner/work/android_kernel_mt8163/android_kernel_mt8163/kernel/alps/tb8163p3_bsp/drivers/gpu/drm/nouveau/nvkm/engine/disp/priv.h:3:10: error: 'engine/disp.h' file not found [clang-diagnostic-error]
/home/runner/work/android_kernel_mt8163/android_kernel_mt8163/kernel/alps/tb8163p3_bsp/drivers/scsi/pcmcia/aha152x_core.c:3:10: error: 'aha152x.c' file not found [clang-diagnostic-error]
/home/runner/work/android_kernel_mt8163/android_kernel_mt8163/kernel/alps/tb8163p3_bsp/drivers/gpu/drm/nouveau/nvkm/engine/fifo/priv.h:4:10: error: 'engine/fifo.h' file not found [clang-diagnostic-error]
/home/runner/work/android_kernel_mt8163/android_kernel_mt8163/kernel/alps/tb8163p3_bsp/fs/xfs/xfs_linux.h:41:10: error: 'xfs_types.h' file not found [clang-diagnostic-error]
/home/runner/work/android_kernel_mt8163/android_kernel_mt8163/kernel/alps/tb8163p3_bsp/drivers/crypto/qat/qat_c3xxx/adf_c3xxx_hw_data.c:47:10: error: 'adf_accel_devices.h' file not found [clang-diagnostic-error]
/home/runner/work/android_kernel_mt8163/android_kernel_mt8163/kernel/alps/tb8163p3_bsp/drivers/gpu/drm/i915/i915_gpu_error.c:30:10: error: 'generated/utsrelease.h' file not found [clang-diagnostic-error]
/home/runner/work/android_kernel_mt8163/android_kernel_mt8163/kernel/alps/tb8163p3_bsp/drivers/gpu/drm/nouveau/nvkm/subdev/pmu/priv.h:4:10: error: 'subdev/pmu.h' file not found [clang-diagnostic-error]
/home/runner/work/android_kernel_mt8163/android_kernel_mt8163/kernel/alps/tb8163p3_bsp/drivers/gpu/drm/nouveau/nvkm/subdev/bus/priv.h:4:10: error: 'subdev/bus.h' file not found [clang-diagnostic-error]
/home/runner/work/android_kernel_mt8163/android_kernel_mt8163/kernel/alps/tb8163p3_bsp/drivers/gpu/drm/msm/mdp/mdp5/mdp5_kms.h:21:10: error: 'msm_drv.h' file not found [clang-diagnostic-error]
/home/runner/work/android_kernel_mt8163/android_kernel_mt8163/kernel/alps/tb8163p3_bsp/drivers/media/pci/ttpci/av7110_ipack.c:1:10: error: 'dvb_filter.h' file not found [clang-diagnostic-error]
/home/runner/work/android_kernel_mt8163/android_kernel_mt8163/kernel/alps/tb8163p3_bsp/tools/objtool/elf.h:22:10: error: 'gelf.h' file not found [clang-diagnostic-error]
/home/runner/work/android_kernel_mt8163/android_kernel_mt8163/kernel/alps/tb8163p3_bsp/drivers/gpu/drm/nouveau/nvkm/subdev/fb/priv.h:4:10: error: 'subdev/fb.h' file not found [clang-diagnostic-error]
/home/runner/work/android_kernel_mt8163/android_kernel_mt8163/kernel/alps/tb8163p3_bsp/sound/soc/mediatek/common_int/mtk-soc-pcm-dummy.c:50:10: error: 'mtk-auddrv-afe.h' file not found [clang-diagnostic-error]
/home/runner/work/android_kernel_mt8163/android_kernel_mt8163/kernel/alps/tb8163p3_bsp/drivers/net/fddi/skfp/h/targethw.h:30:10: error: 'fplus.h' file not found [clang-diagnostic-error]
/home/runner/work/android_kernel_mt8163/android_kernel_mt8163/kernel/alps/tb8163p3_bsp/drivers/gpu/drm/nouveau/nvkm/engine/gr/priv.h:4:10: error: 'engine/gr.h' file not found [clang-diagnostic-error]
/home/runner/work/android_kernel_mt8163/android_kernel_mt8163/kernel/alps/tb8163p3_bsp/drivers/gpu/drm/nouveau/nvkm/core/client.c:24:10: error: 'core/client.h' file not found [clang-diagnostic-error]
/home/runner/work/android_kernel_mt8163/android_kernel_mt8163/kernel/alps/tb8163p3_bsp/drivers/gpu/drm/nouveau/nvkm/subdev/i2c/pad.h:3:10: error: 'subdev/i2c.h' file not found [clang-diagnostic-error]
/home/runner/work/android_kernel_mt8163/android_kernel_mt8163/kernel/alps/tb8163p3_bsp/drivers/gpu/drm/nouveau/nvkm/engine/fifo/priv.h:4:10: error: 'engine/fifo.h' file not found [clang-diagnostic-error]
/home/runner/work/android_kernel_mt8163/android_kernel_mt8163/kernel/alps/tb8163p3_bsp/drivers/gpu/drm/nouveau/nvkm/engine/fifo/priv.h:4:10: error: 'engine/fifo.h' file not found [clang-diagnostic-error]
/home/runner/work/android_kernel_mt8163/android_kernel_mt8163/kernel/alps/tb8163p3_bsp/fs/xfs/xfs_linux.h:41:10: error: 'xfs_types.h' file not found [clang-diagnostic-error]
/home/runner/work/android_kernel_mt8163/android_kernel_mt8163/kernel/alps/tb8163p3_bsp/drivers/gpu/drm/nouveau/nvkm/engine/disp/priv.h:3:10: error: 'engine/disp.h' file not found [clang-diagnostic-error]
/home/runner/work/android_kernel_mt8163/android_kernel_mt8163/kernel/alps/tb8163p3_bsp/sound/soc/mediatek/common_int/mtk-soc-pcm-deep-buffer-dl.c:50:10: error: 'mtk-auddrv-afe.h' file not found [clang-diagnostic-error]
/home/runner/work/android_kernel_mt8163/android_kernel_mt8163/kernel/alps/tb8163p3_bsp/fs/xfs/xfs_linux.h:41:10: error: 'xfs_types.h' file not found [clang-diagnostic-error]
/home/runner/work/android_kernel_mt8163/android_kernel_mt8163/kernel/alps/tb8163p3_bsp/drivers/gpu/drm/nouveau/nvkm/engine/fifo/priv.h:4:10: error: 'engine/fifo.h' file not found [clang-diagnostic-error]
/home/runner/work/android_kernel_mt8163/android_kernel_mt8163/kernel/alps/tb8163p3_bsp/drivers/gpu/drm/nouveau/nvkm/engine/gr/priv.h:4:10: error: 'engine/gr.h' file not found [clang-diagnostic-error]
/home/runner/work/android_kernel_mt8163/android_kernel_mt8163/kernel/alps/tb8163p3_bsp/fs/jbd2/recovery.c:17:10: error: 'jfs_user.h' file not found [clang-diagnostic-error]
/home/runner/work/android_kernel_mt8163/android_kernel_mt8163/kernel/alps/tb8163p3_bsp/drivers/misc/mediatek/connectivity/common/common_main/platform/mt8163.c:38:10: error: 'connectivity_build_in_adapter.h' file not found [clang-diagnostic-error]
/home/runner/work/android_kernel_mt8163/android_kernel_mt8163/kernel/alps/tb8163p3_bsp/drivers/gpu/drm/nouveau/nvkm/subdev/bar/priv.h:4:10: error: 'subdev/bar.h' file not found [clang-diagnostic-error]
/home/runner/work/android_kernel_mt8163/android_kernel_mt8163/kernel/alps/tb8163p3_bsp/lib/inflate.c:121:10: error: 'gzip.h' file not found [clang-diagnostic-error]
/home/runner/work/android_kernel_mt8163/android_kernel_mt8163/kernel/alps/tb8163p3_bsp/fs/xfs/libxfs/xfs_attr_remote.c:19:10: error: 'xfs.h' file not found [clang-diagnostic-error]
/home/runner/work/android_kernel_mt8163/android_kernel_mt8163/kernel/alps/tb8163p3_bsp/drivers/gpu/drm/nouveau/nvkm/engine/fifo/priv.h:4:10: error: 'engine/fifo.h' file not found [clang-diagnostic-error]
/home/runner/work/android_kernel_mt8163/android_kernel_mt8163/kernel/alps/tb8163p3_bsp/fs/xfs/xfs_linux.h:41:10: error: 'xfs_types.h' file not found [clang-diagnostic-error]
/home/runner/work/android_kernel_mt8163/android_kernel_mt8163/kernel/alps/tb8163p3_bsp/drivers/gpu/drm/nouveau/nvkm/engine/bsp/g84.c:24:10: error: 'engine/bsp.h' file not found [clang-diagnostic-error]
/home/runner/work/android_kernel_mt8163/android_kernel_mt8163/kernel/alps/tb8163p3_bsp/arch/mips/loongson64/common/cs5536/cs5536_pci.c:24:10: error: 'cs5536/cs5536_pci.h' file not found [clang-diagnostic-error]
/home/runner/work/android_kernel_mt8163/android_kernel_mt8163/kernel/alps/tb8163p3_bsp/drivers/gpu/drm/nouveau/nvkm/engine/gr/priv.h:4:10: error: 'engine/gr.h' file not found [clang-diagnostic-error]
/home/runner/work/android_kernel_mt8163/android_kernel_mt8163/kernel/alps/tb8163p3_bsp/drivers/gpu/drm/nouveau/nvkm/engine/fifo/priv.h:4:10: error: 'engine/fifo.h' file not found [clang-diagnostic-error]
/home/runner/work/android_kernel_mt8163/android_kernel_mt8163/kernel/alps/tb8163p3_bsp/include/linux/kconfig.h:4:10: error: 'generated/autoconf.h' file not found [clang-diagnostic-error]
/home/runner/work/android_kernel_mt8163/android_kernel_mt8163/kernel/alps/tb8163p3_bsp/drivers/gpu/drm/nouveau/nvkm/engine/disp/priv.h:3:10: error: 'engine/disp.h' file not found [clang-diagnostic-error]
/home/runner/work/android_kernel_mt8163/android_kernel_mt8163/kernel/alps/tb8163p3_bsp/drivers/gpu/drm/nouveau/nvkm/subdev/ltc/priv.h:4:10: error: 'subdev/ltc.h' file not found [clang-diagnostic-error]
/home/runner/work/android_kernel_mt8163/android_kernel_mt8163/kernel/alps/tb8163p3_bsp/drivers/misc/mediatek/sensors-1.0/sensorfusion/orienthub/orienthub.c:18:10: error: 'fusion.h' file not found [clang-diagnostic-error]
/home/runner/work/android_kernel_mt8163/android_kernel_mt8163/kernel/alps/tb8163p3_bsp/arch/mips/bcm47xx/board.c:4:10: error: 'bcm47xx.h' file not found [clang-diagnostic-error]
/home/runner/work/android_kernel_mt8163/android_kernel_mt8163/kernel/alps/tb8163p3_bsp/tools/perf/arch/powerpc/util/skip-callchain-idx.c:14:10: error: 'elfutils/libdwfl.h' file not found [clang-diagnostic-error]
/home/runner/work/android_kernel_mt8163/android_kernel_mt8163/kernel/alps/tb8163p3_bsp/drivers/media/platform/mtk-vcodec/venc_vpu_if.c:16:10: error: 'mtk_vpu.h' file not found [clang-diagnostic-error]
/home/runner/work/android_kernel_mt8163/android_kernel_mt8163/kernel/alps/tb8163p3_bsp/sound/soc/mediatek/common_int/mtk-soc-pcm-mrgrx-awb.c:49:10: error: 'mtk-auddrv-afe.h' file not found [clang-diagnostic-error]
/home/runner/work/android_kernel_mt8163/android_kernel_mt8163/kernel/alps/tb8163p3_bsp/drivers/gpu/drm/nouveau/nvkm/engine/disp/priv.h:3:10: error: 'engine/disp.h' file not found [clang-diagnostic-error]
/home/runner/work/android_kernel_mt8163/android_kernel_mt8163/kernel/alps/tb8163p3_bsp/drivers/gpu/drm/nouveau/nvkm/core/enum.c:27:10: error: 'core/enum.h' file not found [clang-diagnostic-error]
/home/runner/work/android_kernel_mt8163/android_kernel_mt8163/kernel/alps/tb8163p3_bsp/drivers/media/dvb-frontends/m88ds3103_priv.h:20:10: error: 'dvb_frontend.h' file not found [clang-diagnostic-error]
/home/runner/work/android_kernel_mt8163/android_kernel_mt8163/kernel/alps/tb8163p3_bsp/drivers/gpu/drm/nouveau/nvkm/engine/ce/priv.h:3:10: error: 'engine/ce.h' file not found [clang-diagnostic-error]
/home/runner/work/android_kernel_mt8163/android_kernel_mt8163/kernel/alps/tb8163p3_bsp/tools/build/feature/test-libunwind-debug-frame-arm.c:1:10: error: 'libunwind-arm.h' file not found [clang-diagnostic-error]
/home/runner/work/android_kernel_mt8163/android_kernel_mt8163/kernel/alps/tb8163p3_bsp/drivers/gpu/drm/nouveau/nvkm/subdev/fb/priv.h:4:10: error: 'subdev/fb.h' file not found [clang-diagnostic-error]
/home/runner/work/android_kernel_mt8163/android_kernel_mt8163/kernel/alps/tb8163p3_bsp/arch/mips/bcm63xx/early_printk.c:9:10: error: 'bcm63xx_io.h' file not found [clang-diagnostic-error]
/home/runner/work/android_kernel_mt8163/android_kernel_mt8163/kernel/alps/tb8163p3_bsp/fs/xfs/xfs_linux.h:41:10: error: 'xfs_types.h' file not found [clang-diagnostic-error]
/home/runner/work/android_kernel_mt8163/android_kernel_mt8163/kernel/alps/tb8163p3_bsp/drivers/net/fddi/skfp/h/targethw.h:30:10: error: 'fplus.h' file not found [clang-diagnostic-error]
/home/runner/work/android_kernel_mt8163/android_kernel_mt8163/kernel/alps/tb8163p3_bsp/drivers/gpu/drm/nouveau/nvkm/subdev/clk/priv.h:4:10: error: 'subdev/clk.h' file not found [clang-diagnostic-error]
/home/runner/work/android_kernel_mt8163/android_kernel_mt8163/kernel/alps/tb8163p3_bsp/drivers/misc/mediatek/sensors-1.0/activity_sensor/activityhub/activityhub.c:20:10: error: 'activity.h' file not found [clang-diagnostic-error]
/home/runner/work/android_kernel_mt8163/android_kernel_mt8163/kernel/alps/tb8163p3_bsp/drivers/gpu/drm/nouveau/nvkm/engine/fifo/priv.h:4:10: error: 'engine/fifo.h' file not found [clang-diagnostic-error]
/home/runner/work/android_kernel_mt8163/android_kernel_mt8163/kernel/alps/tb8163p3_bsp/drivers/gpu/drm/nouveau/nvkm/subdev/clk/priv.h:4:10: error: 'subdev/clk.h' file not found [clang-diagnostic-error]
/home/runner/work/android_kernel_mt8163/android_kernel_mt8163/kernel/alps/tb8163p3_bsp/drivers/gpu/drm/nouveau/nvkm/subdev/fb/priv.h:4:10: error: 'subdev/fb.h' file not found [clang-diagnostic-error]
/home/runner/work/android_kernel_mt8163/android_kernel_mt8163/kernel/alps/tb8163p3_bsp/drivers/gpu/drm/nouveau/nvkm/engine/disp/priv.h:3:10: error: 'engine/disp.h' file not found [clang-diagnostic-error]
/home/runner/work/android_kernel_mt8163/android_kernel_mt8163/kernel/alps/tb8163p3_bsp/drivers/gpu/drm/nouveau/nvkm/subdev/timer/priv.h:4:10: error: 'subdev/timer.h' file not found [clang-diagnostic-error]
/home/runner/work/android_kernel_mt8163/android_kernel_mt8163/kernel/alps/tb8163p3_bsp/drivers/gpu/drm/nouveau/nvkm/subdev/therm/priv.h:27:10: error: 'subdev/therm.h' file not found [clang-diagnostic-error]
/home/runner/work/android_kernel_mt8163/android_kernel_mt8163/kernel/alps/tb8163p3_bsp/tools/perf/arch/arm64/util/unwind-libunwind.c:4:10: error: 'libunwind.h' file not found [clang-diagnostic-error]
/home/runner/work/android_kernel_mt8163/android_kernel_mt8163/kernel/alps/tb8163p3_bsp/drivers/gpu/drm/nouveau/nvkm/subdev/mc/priv.h:4:10: error: 'subdev/mc.h' file not found [clang-diagnostic-error]
/home/runner/work/android_kernel_mt8163/android_kernel_mt8163/kernel/alps/tb8163p3_bsp/drivers/gpu/drm/nouveau/nvkm/engine/disp/priv.h:3:10: error: 'engine/disp.h' file not found [clang-diagnostic-error]
/home/runner/work/android_kernel_mt8163/android_kernel_mt8163/kernel/alps/tb8163p3_bsp/drivers/gpu/drm/nouveau/nvkm/engine/fifo/priv.h:4:10: error: 'engine/fifo.h' file not found [clang-diagnostic-error]
/home/runner/work/android_kernel_mt8163/android_kernel_mt8163/kernel/alps/tb8163p3_bsp/drivers/misc/mediatek/mtee/kree_mem.c:17:10: error: 'tz_cross/ta_mem.h' file not found [clang-diagnostic-error]
/home/runner/work/android_kernel_mt8163/android_kernel_mt8163/kernel/alps/tb8163p3_bsp/drivers/gpu/drm/nouveau/nvkm/engine/disp/priv.h:3:10: error: 'engine/disp.h' file not found [clang-diagnostic-error]
/home/runner/work/android_kernel_mt8163/android_kernel_mt8163/kernel/alps/tb8163p3_bsp/tools/perf/arch/powerpc/util/unwind-libunwind.c:11:10: error: 'libunwind.h' file not found [clang-diagnostic-error]
/home/runner/work/android_kernel_mt8163/android_kernel_mt8163/kernel/alps/tb8163p3_bsp/drivers/gpu/drm/nouveau/nvkm/subdev/i2c/priv.h:4:10: error: 'subdev/i2c.h' file not found [clang-diagnostic-error]
/home/runner/work/android_kernel_mt8163/android_kernel_mt8163/kernel/alps/tb8163p3_bsp/drivers/gpu/drm/nouveau/nvkm/engine/mpeg/priv.h:3:10: error: 'engine/mpeg.h' file not found [clang-diagnostic-error]
/home/runner/work/android_kernel_mt8163/android_kernel_mt8163/kernel/alps/tb8163p3_bsp/drivers/gpu/drm/nouveau/nvkm/engine/disp/priv.h:3:10: error: 'engine/disp.h' file not found [clang-diagnostic-error]
/home/runner/work/android_kernel_mt8163/android_kernel_mt8163/kernel/alps/tb8163p3_bsp/arch/x86/entry/vdso/vdso32/vdso-fakesections.c:1:10: error: '../vdso-fakesections.c' file not found, did you mean 'vdso-fakesections.c'? [clang-diagnostic-error]
/home/runner/work/android_kernel_mt8163/android_kernel_mt8163/kernel/alps/tb8163p3_bsp/drivers/media/usb/gspca/gl860/gl860.h:22:10: error: 'gspca.h' file not found [clang-diagnostic-error]
/home/runner/work/android_kernel_mt8163/android_kernel_mt8163/kernel/alps/tb8163p3_bsp/drivers/gpu/drm/nouveau/nvkm/engine/gr/priv.h:4:10: error: 'engine/gr.h' file not found [clang-diagnostic-error]
/home/runner/work/android_kernel_mt8163/android_kernel_mt8163/kernel/alps/tb8163p3_bsp/drivers/gpu/drm/nouveau/nvkm/subdev/fb/priv.h:4:10: error: 'subdev/fb.h' file not found [clang-diagnostic-error]
/home/runner/work/android_kernel_mt8163/android_kernel_mt8163/kernel/alps/tb8163p3_bsp/drivers/gpu/drm/nouveau/nvkm/subdev/fb/priv.h:4:10: error: 'subdev/fb.h' file not found [clang-diagnostic-error]
/home/runner/work/android_kernel_mt8163/android_kernel_mt8163/kernel/alps/tb8163p3_bsp/drivers/media/pci/b2c2/flexcop-dma.c:6:10: error: 'flexcop.h' file not found [clang-diagnostic-error]
/home/runner/work/android_kernel_mt8163/android_kernel_mt8163/kernel/alps/tb8163p3_bsp/drivers/gpu/drm/nouveau/nvkm/engine/fifo/priv.h:4:10: error: 'engine/fifo.h' file not found [clang-diagnostic-error]
/home/runner/work/android_kernel_mt8163/android_kernel_mt8163/kernel/alps/tb8163p3_bsp/drivers/gpu/drm/nouveau/nvkm/subdev/bios/P0260.c:24:10: error: 'subdev/bios.h' file not found [clang-diagnostic-error]
/home/runner/work/android_kernel_mt8163/android_kernel_mt8163/kernel/alps/tb8163p3_bsp/drivers/misc/mediatek/sensors-1.0/sensorfusion/uncali_maghub/uncali_maghub.c:19:10: error: 'fusion.h' file not found [clang-diagnostic-error]
/home/runner/work/android_kernel_mt8163/android_kernel_mt8163/kernel/alps/tb8163p3_bsp/arch/mips/loongson64/fuloong-2e/reset.c:13:10: error: 'loongson.h' file not found [clang-diagnostic-error]
/home/runner/work/android_kernel_mt8163/android_kernel_mt8163/kernel/alps/tb8163p3_bsp/drivers/net/fddi/skfp/h/targethw.h:30:10: error: 'fplus.h' file not found [clang-diagnostic-error]
/home/runner/work/android_kernel_mt8163/android_kernel_mt8163/kernel/alps/tb8163p3_bsp/drivers/gpu/drm/nouveau/nvkm/engine/fifo/priv.h:4:10: error: 'engine/fifo.h' file not found [clang-diagnostic-error]
/home/runner/work/android_kernel_mt8163/android_kernel_mt8163/kernel/alps/tb8163p3_bsp/drivers/misc/mediatek/video/mt8163/videox/mtkfb.c:14:10: error: 'generated/autoconf.h' file not found [clang-diagnostic-error]
/home/runner/work/android_kernel_mt8163/android_kernel_mt8163/kernel/alps/tb8163p3_bsp/scripts/dtc/libfdt/fdt_rw.c:53:10: error: 'fdt.h' file not found with <angled> include; use "quotes" instead [clang-diagnostic-error]
/home/runner/work/android_kernel_mt8163/android_kernel_mt8163/kernel/alps/tb8163p3_bsp/scripts/dtc/libfdt/libfdt_internal.h:53:10: error: 'fdt.h' file not found with <angled> include; use "quotes" instead [clang-diagnostic-error]
/home/runner/work/android_kernel_mt8163/android_kernel_mt8163/kernel/alps/tb8163p3_bsp/drivers/misc/mediatek/eccci/fsm/ccci_fsm_scp.c:14:10: error: 'ccci_config.h' file not found [clang-diagnostic-error]
/home/runner/work/android_kernel_mt8163/android_kernel_mt8163/kernel/alps/tb8163p3_bsp/drivers/gpu/drm/nouveau/nvkm/engine/gr/priv.h:4:10: error: 'engine/gr.h' file not found [clang-diagnostic-error]
/home/runner/work/android_kernel_mt8163/android_kernel_mt8163/kernel/alps/tb8163p3_bsp/sound/soc/mediatek/common_int/mtk-soc-pcm-uldlloopback.c:50:10: error: 'mtk-auddrv-afe.h' file not found [clang-diagnostic-error]
/home/runner/work/android_kernel_mt8163/android_kernel_mt8163/kernel/alps/tb8163p3_bsp/drivers/gpu/drm/nouveau/nvkm/engine/disp/priv.h:3:10: error: 'engine/disp.h' file not found [clang-diagnostic-error]
/home/runner/work/android_kernel_mt8163/android_kernel_mt8163/kernel/alps/tb8163p3_bsp/tools/usb/ffs-aio-example/simple/host_app/test.c:28:10: error: 'libusb.h' file not found [clang-diagnostic-error]
/home/runner/work/android_kernel_mt8163/android_kernel_mt8163/kernel/alps/tb8163p3_bsp/drivers/gpu/drm/nouveau/nvkm/engine/ce/priv.h:3:10: error: 'engine/ce.h' file not found [clang-diagnostic-error]
/home/runner/work/android_kernel_mt8163/android_kernel_mt8163/kernel/alps/tb8163p3_bsp/drivers/gpu/drm/nouveau/nvkm/engine/fifo/priv.h:4:10: error: 'engine/fifo.h' file not found [clang-diagnostic-error]
/home/runner/work/android_kernel_mt8163/android_kernel_mt8163/kernel/alps/tb8163p3_bsp/drivers/gpu/drm/nouveau/nvkm/engine/disp/priv.h:3:10: error: 'engine/disp.h' file not found [clang-diagnostic-error]
/home/runner/work/android_kernel_mt8163/android_kernel_mt8163/kernel/alps/tb8163p3_bsp/scripts/dtc/libfdt/fdt.c:53:10: error: 'fdt.h' file not found with <angled> include; use "quotes" instead [clang-diagnostic-error]
/home/runner/work/android_kernel_mt8163/android_kernel_mt8163/kernel/alps/tb8163p3_bsp/scripts/dtc/libfdt/libfdt_internal.h:53:10: error: 'fdt.h' file not found with <angled> include; use "quotes" instead [clang-diagnostic-error]
/home/runner/work/android_kernel_mt8163/android_kernel_mt8163/kernel/alps/tb8163p3_bsp/drivers/gpu/drm/nouveau/nvkm/engine/gr/priv.h:4:10: error: 'engine/gr.h' file not found [clang-diagnostic-error]
/home/runner/work/android_kernel_mt8163/android_kernel_mt8163/kernel/alps/tb8163p3_bsp/drivers/gpu/drm/nouveau/nvkm/subdev/pci/priv.h:4:10: error: 'subdev/pci.h' file not found [clang-diagnostic-error]
/home/runner/work/android_kernel_mt8163/android_kernel_mt8163/kernel/alps/tb8163p3_bsp/drivers/gpu/drm/nouveau/nvkm/subdev/bar/priv.h:4:10: error: 'subdev/bar.h' file not found [clang-diagnostic-error]
/home/runner/work/android_kernel_mt8163/android_kernel_mt8163/kernel/alps/tb8163p3_bsp/drivers/net/fddi/skfp/h/targethw.h:30:10: error: 'fplus.h' file not found [clang-diagnostic-error]
/home/runner/work/android_kernel_mt8163/android_kernel_mt8163/kernel/alps/tb8163p3_bsp/drivers/gpu/drm/nouveau/nvkm/engine/disp/priv.h:3:10: error: 'engine/disp.h' file not found [clang-diagnostic-error]
/home/runner/work/android_kernel_mt8163/android_kernel_mt8163/kernel/alps/tb8163p3_bsp/drivers/gpu/drm/nouveau/nvkm/engine/disp/priv.h:3:10: error: 'engine/disp.h' file not found [clang-diagnostic-error]
/home/runner/work/android_kernel_mt8163/android_kernel_mt8163/kernel/alps/tb8163p3_bsp/drivers/gpu/drm/nouveau/nvkm/engine/fifo/priv.h:4:10: error: 'engine/fifo.h' file not found [clang-diagnostic-error]
/home/runner/work/android_kernel_mt8163/android_kernel_mt8163/kernel/alps/tb8163p3_bsp/lib/xz/xz_private.h:50:11: error: 'xz_config.h' file not found [clang-diagnostic-error]
/home/runner/work/android_kernel_mt8163/android_kernel_mt8163/kernel/alps/tb8163p3_bsp/drivers/gpu/drm/nouveau/nvkm/subdev/bios/pmu.c:24:10: error: 'subdev/bios.h' file not found [clang-diagnostic-error]
/home/runner/work/android_kernel_mt8163/android_kernel_mt8163/kernel/alps/tb8163p3_bsp/drivers/gpu/drm/nouveau/nvkm/engine/gr/priv.h:4:10: error: 'engine/gr.h' file not found [clang-diagnostic-error]
/home/runner/work/android_kernel_mt8163/android_kernel_mt8163/kernel/alps/tb8163p3_bsp/drivers/gpu/drm/nouveau/nvkm/engine/gr/priv.h:4:10: error: 'engine/gr.h' file not found [clang-diagnostic-error]
/home/runner/work/android_kernel_mt8163/android_kernel_mt8163/kernel/alps/tb8163p3_bsp/drivers/gpu/drm/nouveau/nvkm/subdev/bios/priv.h:4:10: error: 'subdev/bios.h' file not found [clang-diagnostic-error]
/home/runner/work/android_kernel_mt8163/android_kernel_mt8163/kernel/alps/tb8163p3_bsp/scripts/dtc/libfdt/fdt_ro.c:53:10: error: 'fdt.h' file not found with <angled> include; use "quotes" instead [clang-diagnostic-error]
/home/runner/work/android_kernel_mt8163/android_kernel_mt8163/kernel/alps/tb8163p3_bsp/scripts/dtc/libfdt/libfdt_internal.h:53:10: error: 'fdt.h' file not found with <angled> include; use "quotes" instead [clang-diagnostic-error]
/home/runner/work/android_kernel_mt8163/android_kernel_mt8163/kernel/alps/tb8163p3_bsp/drivers/crypto/qat/qat_c62xvf/adf_c62xvf_hw_data.c:47:10: error: 'adf_accel_devices.h' file not found [clang-diagnostic-error]
/home/runner/work/android_kernel_mt8163/android_kernel_mt8163/kernel/alps/tb8163p3_bsp/tools/perf/util/parse-branch-options.c:2:10: error: 'util/util.h' file not found [clang-diagnostic-error]
/home/runner/work/android_kernel_mt8163/android_kernel_mt8163/kernel/alps/tb8163p3_bsp/drivers/gpu/drm/nouveau/nvkm/core/gpuobj.c:24:10: error: 'core/gpuobj.h' file not found [clang-diagnostic-error]
/home/runner/work/android_kernel_mt8163/android_kernel_mt8163/kernel/alps/tb8163p3_bsp/drivers/gpu/drm/nouveau/nvkm/subdev/fb/priv.h:4:10: error: 'subdev/fb.h' file not found [clang-diagnostic-error]
/home/runner/work/android_kernel_mt8163/android_kernel_mt8163/kernel/alps/tb8163p3_bsp/arch/cris/boot/compressed/misc.c:32:10: error: 'arch/svinto.h' file not found [clang-diagnostic-error]
/home/runner/work/android_kernel_mt8163/android_kernel_mt8163/kernel/alps/tb8163p3_bsp/tools/build/feature/test-gtk2-infobar.c:2:10: error: 'gtk/gtk.h' file not found [clang-diagnostic-error]
/home/runner/work/android_kernel_mt8163/android_kernel_mt8163/kernel/alps/tb8163p3_bsp/drivers/gpu/drm/nouveau/nvkm/subdev/i2c/priv.h:4:10: error: 'subdev/i2c.h' file not found [clang-diagnostic-error]
/home/runner/work/android_kernel_mt8163/android_kernel_mt8163/kernel/alps/tb8163p3_bsp/drivers/gpu/drm/nouveau/nvkm/engine/pm/priv.h:4:10: error: 'engine/pm.h' file not found [clang-diagnostic-error]
/home/runner/work/android_kernel_mt8163/android_kernel_mt8163/kernel/alps/tb8163p3_bsp/fs/xfs/xfs_linux.h:41:10: error: 'xfs_types.h' file not found [clang-diagnostic-error]
/home/runner/work/android_kernel_mt8163/android_kernel_mt8163/kernel/alps/tb8163p3_bsp/drivers/net/fddi/skfp/h/targethw.h:30:10: error: 'fplus.h' file not found [clang-diagnostic-error]
/home/runner/work/android_kernel_mt8163/android_kernel_mt8163/kernel/alps/tb8163p3_bsp/drivers/misc/mediatek/conn_md/include/conn_md_exp.h:17:10: error: 'port_ipc.h' file not found [clang-diagnostic-error]
/home/runner/work/android_kernel_mt8163/android_kernel_mt8163/kernel/alps/tb8163p3_bsp/drivers/gpu/drm/nouveau/nvkm/engine/ce/priv.h:3:10: error: 'engine/ce.h' file not found [clang-diagnostic-error]
/home/runner/work/android_kernel_mt8163/android_kernel_mt8163/kernel/alps/tb8163p3_bsp/drivers/gpu/drm/nouveau/nvkm/subdev/bios/volt.c:24:10: error: 'subdev/bios.h' file not found [clang-diagnostic-error]
/home/runner/work/android_kernel_mt8163/android_kernel_mt8163/kernel/alps/tb8163p3_bsp/tools/perf/util/data-convert-bt.c:11:10: error: 'babeltrace/ctf-writer/writer.h' file not found [clang-diagnostic-error]
/home/runner/work/android_kernel_mt8163/android_kernel_mt8163/kernel/alps/tb8163p3_bsp/drivers/media/tuners/qt1010.h:25:10: error: 'dvb_frontend.h' file not found [clang-diagnostic-error]
/home/runner/work/android_kernel_mt8163/android_kernel_mt8163/kernel/alps/tb8163p3_bsp/drivers/gpu/drm/nouveau/nvkm/subdev/instmem/priv.h:4:10: error: 'subdev/instmem.h' file not found [clang-diagnostic-error]
/home/runner/work/android_kernel_mt8163/android_kernel_mt8163/kernel/alps/tb8163p3_bsp/arch/arm/mach-omap2/omap_hwmod_2xxx_3xxx_interconnect_data.c:14:10: error: 'asm/sizes.h' file not found [clang-diagnostic-error]
/home/runner/work/android_kernel_mt8163/android_kernel_mt8163/kernel/alps/tb8163p3_bsp/drivers/gpu/drm/nouveau/nvkm/subdev/pmu/priv.h:4:10: error: 'subdev/pmu.h' file not found [clang-diagnostic-error]
/home/runner/work/android_kernel_mt8163/android_kernel_mt8163/kernel/alps/tb8163p3_bsp/tools/perf/ui/gtk/gtk.h:7:10: error: 'gtk/gtk.h' file not found [clang-diagnostic-error]
/home/runner/work/android_kernel_mt8163/android_kernel_mt8163/kernel/alps/tb8163p3_bsp/drivers/gpu/drm/nouveau/nvkm/subdev/i2c/pad.h:3:10: error: 'subdev/i2c.h' file not found [clang-diagnostic-error]
/home/runner/work/android_kernel_mt8163/android_kernel_mt8163/kernel/alps/tb8163p3_bsp/drivers/gpu/drm/nouveau/nvkm/subdev/bios/priv.h:4:10: error: 'subdev/bios.h' file not found [clang-diagnostic-error]
/home/runner/work/android_kernel_mt8163/android_kernel_mt8163/kernel/alps/tb8163p3_bsp/drivers/gpu/drm/nouveau/nvkm/subdev/i2c/pad.h:3:10: error: 'subdev/i2c.h' file not found [clang-diagnostic-error]
/home/runner/work/android_kernel_mt8163/android_kernel_mt8163/kernel/alps/tb8163p3_bsp/drivers/gpu/drm/msm/mdp/mdp5/mdp5_kms.h:21:10: error: 'msm_drv.h' file not found [clang-diagnostic-error]
/home/runner/work/android_kernel_mt8163/android_kernel_mt8163/kernel/alps/tb8163p3_bsp/drivers/gpu/drm/nouveau/nvkm/subdev/mc/priv.h:4:10: error: 'subdev/mc.h' file not found [clang-diagnostic-error]
/home/runner/work/android_kernel_mt8163/android_kernel_mt8163/kernel/alps/tb8163p3_bsp/drivers/gpu/drm/nouveau/nvkm/subdev/pmu/priv.h:4:10: error: 'subdev/pmu.h' file not found [clang-diagnostic-error]
/home/runner/work/android_kernel_mt8163/android_kernel_mt8163/kernel/alps/tb8163p3_bsp/drivers/gpu/drm/nouveau/nvkm/subdev/devinit/priv.h:4:10: error: 'subdev/devinit.h' file not found [clang-diagnostic-error]
/home/runner/work/android_kernel_mt8163/android_kernel_mt8163/kernel/alps/tb8163p3_bsp/drivers/gpu/drm/nouveau/nvkm/subdev/pmu/priv.h:4:10: error: 'subdev/pmu.h' file not found [clang-diagnostic-error]
/home/runner/work/android_kernel_mt8163/android_kernel_mt8163/kernel/alps/tb8163p3_bsp/tools/perf/arch/arm/util/unwind-libdw.c:1:10: error: 'elfutils/libdwfl.h' file not found [clang-diagnostic-error]
/home/runner/work/android_kernel_mt8163/android_kernel_mt8163/kernel/alps/tb8163p3_bsp/arch/um/drivers/vde_user.c:8:10: error: 'libvdeplug.h' file not found [clang-diagnostic-error]
/home/runner/work/android_kernel_mt8163/android_kernel_mt8163/kernel/alps/tb8163p3_bsp/drivers/gpu/drm/nouveau/nvkm/engine/msppp/priv.h:3:10: error: 'engine/msppp.h' file not found [clang-diagnostic-error]
/home/runner/work/android_kernel_mt8163/android_kernel_mt8163/kernel/alps/tb8163p3_bsp/drivers/gpu/drm/nouveau/nvkm/subdev/therm/priv.h:27:10: error: 'subdev/therm.h' file not found [clang-diagnostic-error]
/home/runner/work/android_kernel_mt8163/android_kernel_mt8163/kernel/alps/tb8163p3_bsp/tools/build/feature/test-libelf.c:1:10: error: 'libelf.h' file not found [clang-diagnostic-error]
/home/runner/work/android_kernel_mt8163/android_kernel_mt8163/kernel/alps/tb8163p3_bsp/drivers/gpu/drm/nouveau/nvkm/subdev/volt/gpio.c:24:10: error: 'subdev/volt.h' file not found [clang-diagnostic-error]
/home/runner/work/android_kernel_mt8163/android_kernel_mt8163/kernel/alps/tb8163p3_bsp/drivers/gpu/drm/nouveau/nvkm/engine/disp/priv.h:3:10: error: 'engine/disp.h' file not found [clang-diagnostic-error]
/home/runner/work/android_kernel_mt8163/android_kernel_mt8163/kernel/alps/tb8163p3_bsp/drivers/gpu/drm/msm/mdp/mdp4/mdp4_kms.h:21:10: error: 'msm_drv.h' file not found [clang-diagnostic-error]
/home/runner/work/android_kernel_mt8163/android_kernel_mt8163/kernel/alps/tb8163p3_bsp/drivers/gpu/drm/nouveau/nvkm/subdev/top/priv.h:4:10: error: 'subdev/top.h' file not found [clang-diagnostic-error]
/home/runner/work/android_kernel_mt8163/android_kernel_mt8163/kernel/alps/tb8163p3_bsp/drivers/gpu/drm/nouveau/nvkm/subdev/bios/therm.c:24:10: error: 'subdev/bios.h' file not found [clang-diagnostic-error]
/home/runner/work/android_kernel_mt8163/android_kernel_mt8163/kernel/alps/tb8163p3_bsp/drivers/media/tuners/e4000.h:24:10: error: 'dvb_frontend.h' file not found [clang-diagnostic-error]
/home/runner/work/android_kernel_mt8163/android_kernel_mt8163/kernel/alps/tb8163p3_bsp/drivers/gpu/drm/nouveau/nvkm/subdev/pci/priv.h:4:10: error: 'subdev/pci.h' file not found [clang-diagnostic-error]
/home/runner/work/android_kernel_mt8163/android_kernel_mt8163/kernel/alps/tb8163p3_bsp/scripts/gcc-plugins/gcc-common.h:4:10: error: 'bversion.h' file not found [clang-diagnostic-error]
/home/runner/work/android_kernel_mt8163/android_kernel_mt8163/kernel/alps/tb8163p3_bsp/drivers/media/pci/b2c2/flexcop-pci.c:8:10: error: 'flexcop-common.h' file not found [clang-diagnostic-error]
/home/runner/work/android_kernel_mt8163/android_kernel_mt8163/kernel/alps/tb8163p3_bsp/drivers/gpu/drm/nouveau/nvkm/engine/gr/priv.h:4:10: error: 'engine/gr.h' file not found [clang-diagnostic-error]
/home/runner/work/android_kernel_mt8163/android_kernel_mt8163/kernel/alps/tb8163p3_bsp/arch/sh/include/asm/asm-offsets.h:1:10: error: 'generated/asm-offsets.h' file not found [clang-diagnostic-error]
/home/runner/work/android_kernel_mt8163/android_kernel_mt8163/kernel/alps/tb8163p3_bsp/tools/usb/ffs-aio-example/multibuff/host_app/test.c:28:10: error: 'libusb.h' file not found [clang-diagnostic-error]
/home/runner/work/android_kernel_mt8163/android_kernel_mt8163/kernel/alps/tb8163p3_bsp/drivers/misc/mediatek/btcvsd/AudDrv_BTCVSD.c:44:10: error: 'AudDrv_BTCVSD.h' file not found [clang-diagnostic-error]
/home/runner/work/android_kernel_mt8163/android_kernel_mt8163/kernel/alps/tb8163p3_bsp/drivers/gpu/drm/nouveau/nvkm/engine/msvld/priv.h:3:10: error: 'engine/msvld.h' file not found [clang-diagnostic-error]
/home/runner/work/android_kernel_mt8163/android_kernel_mt8163/kernel/alps/tb8163p3_bsp/drivers/gpu/drm/nouveau/nvkm/subdev/i2c/pad.h:3:10: error: 'subdev/i2c.h' file not found [clang-diagnostic-error]
/home/runner/work/android_kernel_mt8163/android_kernel_mt8163/kernel/alps/tb8163p3_bsp/tools/testing/selftests/capabilities/test_execve.c:3:10: error: 'cap-ng.h' file not found [clang-diagnostic-error]
/home/runner/work/android_kernel_mt8163/android_kernel_mt8163/kernel/alps/tb8163p3_bsp/tools/usb/usbip/src/usbip_unbind.c:19:10: error: 'libudev.h' file not found [clang-diagnostic-error]
/home/runner/work/android_kernel_mt8163/android_kernel_mt8163/kernel/alps/tb8163p3_bsp/fs/xfs/xfs_linux.h:41:10: error: 'xfs_types.h' file not found [clang-diagnostic-error]
/home/runner/work/android_kernel_mt8163/android_kernel_mt8163/kernel/alps/tb8163p3_bsp/tools/build/feature/test-libpython.c:1:10: error: 'Python.h' file not found [clang-diagnostic-error]
/home/runner/work/android_kernel_mt8163/android_kernel_mt8163/kernel/alps/tb8163p3_bsp/drivers/gpu/drm/nouveau/nvkm/engine/gr/priv.h:4:10: error: 'engine/gr.h' file not found [clang-diagnostic-error]
/home/runner/work/android_kernel_mt8163/android_kernel_mt8163/kernel/alps/tb8163p3_bsp/fs/xfs/libxfs/xfs_sb.c:18:10: error: 'xfs.h' file not found [clang-diagnostic-error]
/home/runner/work/android_kernel_mt8163/android_kernel_mt8163/kernel/alps/tb8163p3_bsp/sound/soc/mediatek/common_int/mtk-soc-pcm-voice-md1-bt.c:50:10: error: 'mtk-auddrv-afe.h' file not found [clang-diagnostic-error]
/home/runner/work/android_kernel_mt8163/android_kernel_mt8163/kernel/alps/tb8163p3_bsp/arch/arm/mach-omap2/omap_hwmod_2xxx_interconnect_data.c:14:10: error: 'asm/sizes.h' file not found [clang-diagnostic-error]
/home/runner/work/android_kernel_mt8163/android_kernel_mt8163/kernel/alps/tb8163p3_bsp/sound/soc/mediatek/common_int/mtk-soc-pcm-fm-i2s-awb.c:50:10: error: 'mtk-auddrv-afe.h' file not found [clang-diagnostic-error]
/home/runner/work/android_kernel_mt8163/android_kernel_mt8163/kernel/alps/tb8163p3_bsp/lib/../scripts/dtc/libfdt/fdt_rw.c:53:10: error: 'fdt.h' file not found with <angled> include; use "quotes" instead [clang-diagnostic-error]
/home/runner/work/android_kernel_mt8163/android_kernel_mt8163/kernel/alps/tb8163p3_bsp/lib/../scripts/dtc/libfdt/libfdt_internal.h:53:10: error: 'fdt.h' file not found with <angled> include; use "quotes" instead [clang-diagnostic-error]
/home/runner/work/android_kernel_mt8163/android_kernel_mt8163/kernel/alps/tb8163p3_bsp/drivers/gpu/drm/nouveau/nvkm/engine/disp/outp.h:3:10: error: 'engine/disp.h' file not found [clang-diagnostic-error]
/home/runner/work/android_kernel_mt8163/android_kernel_mt8163/kernel/alps/tb8163p3_bsp/tools/build/feature/test-gtk2.c:2:10: error: 'gtk/gtk.h' file not found [clang-diagnostic-error]
/home/runner/work/android_kernel_mt8163/android_kernel_mt8163/kernel/alps/tb8163p3_bsp/arch/cris/arch-v32/mach-fs/arbiter.c:13:10: error: 'hwregs/reg_rdwr.h' file not found [clang-diagnostic-error]
/home/runner/work/android_kernel_mt8163/android_kernel_mt8163/kernel/alps/tb8163p3_bsp/sound/soc/mediatek/common_int/mtk-soc-pcm-voice-md2-bt.c:49:10: error: 'mtk-auddrv-afe.h' file not found [clang-diagnostic-error]
/home/runner/work/android_kernel_mt8163/android_kernel_mt8163/kernel/alps/tb8163p3_bsp/drivers/gpu/drm/nouveau/nvkm/engine/ce/priv.h:3:10: error: 'engine/ce.h' file not found [clang-diagnostic-error]
/home/runner/work/android_kernel_mt8163/android_kernel_mt8163/kernel/alps/tb8163p3_bsp/fs/xfs/libxfs/xfs_da_btree.c:19:10: error: 'xfs.h' file not found [clang-diagnostic-error]
/home/runner/work/android_kernel_mt8163/android_kernel_mt8163/kernel/alps/tb8163p3_bsp/drivers/gpu/drm/nouveau/nvkm/subdev/instmem/priv.h:4:10: error: 'subdev/instmem.h' file not found [clang-diagnostic-error]
/home/runner/work/android_kernel_mt8163/android_kernel_mt8163/kernel/alps/tb8163p3_bsp/drivers/gpu/drm/nouveau/nvkm/subdev/fb/priv.h:4:10: error: 'subdev/fb.h' file not found [clang-diagnostic-error]
/home/runner/work/android_kernel_mt8163/android_kernel_mt8163/kernel/alps/tb8163p3_bsp/drivers/gpu/drm/nouveau/nvkm/engine/gr/priv.h:4:10: error: 'engine/gr.h' file not found [clang-diagnostic-error]
/home/runner/work/android_kernel_mt8163/android_kernel_mt8163/kernel/alps/tb8163p3_bsp/drivers/gpu/drm/nouveau/nvkm/subdev/pci/priv.h:4:10: error: 'subdev/pci.h' file not found [clang-diagnostic-error]
/home/runner/work/android_kernel_mt8163/android_kernel_mt8163/kernel/alps/tb8163p3_bsp/tools/build/feature/test-dwarf.c:2:10: error: 'elfutils/libdw.h' file not found [clang-diagnostic-error]
/home/runner/work/android_kernel_mt8163/android_kernel_mt8163/kernel/alps/tb8163p3_bsp/drivers/gpu/drm/nouveau/nvkm/engine/pm/priv.h:4:10: error: 'engine/pm.h' file not found [clang-diagnostic-error]
/home/runner/work/android_kernel_mt8163/android_kernel_mt8163/kernel/alps/tb8163p3_bsp/drivers/gpu/drm/nouveau/nvkm/engine/sw/priv.h:4:10: error: 'engine/sw.h' file not found [clang-diagnostic-error]
/home/runner/work/android_kernel_mt8163/android_kernel_mt8163/kernel/alps/tb8163p3_bsp/drivers/gpu/drm/nouveau/nvkm/subdev/fb/priv.h:4:10: error: 'subdev/fb.h' file not found [clang-diagnostic-error]
/home/runner/work/android_kernel_mt8163/android_kernel_mt8163/kernel/alps/tb8163p3_bsp/fs/xfs/xfs_linux.h:41:10: error: 'xfs_types.h' file not found [clang-diagnostic-error]
/home/runner/work/android_kernel_mt8163/android_kernel_mt8163/kernel/alps/tb8163p3_bsp/tools/perf/arch/x86/tests/insn-x86.c:4:10: error: 'tests/tests.h' file not found [clang-diagnostic-error]
/home/runner/work/android_kernel_mt8163/android_kernel_mt8163/kernel/alps/tb8163p3_bsp/drivers/gpu/drm/nouveau/nvkm/engine/ce/priv.h:3:10: error: 'engine/ce.h' file not found [clang-diagnostic-error]
/home/runner/work/android_kernel_mt8163/android_kernel_mt8163/kernel/alps/tb8163p3_bsp/tools/objtool/elf.h:22:10: error: 'gelf.h' file not found [clang-diagnostic-error]
/home/runner/work/android_kernel_mt8163/android_kernel_mt8163/kernel/alps/tb8163p3_bsp/drivers/gpu/drm/nouveau/nvkm/engine/mspdec/priv.h:3:10: error: 'engine/mspdec.h' file not found [clang-diagnostic-error]
/home/runner/work/android_kernel_mt8163/android_kernel_mt8163/kernel/alps/tb8163p3_bsp/drivers/gpu/drm/msm/mdp/mdp4/mdp4_kms.h:21:10: error: 'msm_drv.h' file not found [clang-diagnostic-error]
/home/runner/work/android_kernel_mt8163/android_kernel_mt8163/kernel/alps/tb8163p3_bsp/drivers/gpu/drm/nouveau/nvkm/engine/disp/outp.h:3:10: error: 'engine/disp.h' file not found [clang-diagnostic-error]
/home/runner/work/android_kernel_mt8163/android_kernel_mt8163/kernel/alps/tb8163p3_bsp/drivers/gpu/drm/nouveau/nvkm/subdev/ltc/priv.h:4:10: error: 'subdev/ltc.h' file not found [clang-diagnostic-error]
/home/runner/work/android_kernel_mt8163/android_kernel_mt8163/kernel/alps/tb8163p3_bsp/arch/mips/pmcs-msp71xx/msp_pci.c:29:10: error: 'msp_prom.h' file not found [clang-diagnostic-error]
/home/runner/work/android_kernel_mt8163/android_kernel_mt8163/kernel/alps/tb8163p3_bsp/drivers/gpu/drm/nouveau/nvkm/subdev/devinit/priv.h:4:10: error: 'subdev/devinit.h' file not found [clang-diagnostic-error]
/home/runner/work/android_kernel_mt8163/android_kernel_mt8163/kernel/alps/tb8163p3_bsp/drivers/gpu/drm/nouveau/nvkm/engine/disp/priv.h:3:10: error: 'engine/disp.h' file not found [clang-diagnostic-error]
/home/runner/work/android_kernel_mt8163/android_kernel_mt8163/kernel/alps/tb8163p3_bsp/drivers/gpu/drm/nouveau/nvkm/engine/disp/priv.h:3:10: error: 'engine/disp.h' file not found [clang-diagnostic-error]
/home/runner/work/android_kernel_mt8163/android_kernel_mt8163/kernel/alps/tb8163p3_bsp/drivers/media/dvb-frontends/as102_fe.c:17:10: error: 'dvb_frontend.h' file not found [clang-diagnostic-error]
/home/runner/work/android_kernel_mt8163/android_kernel_mt8163/kernel/alps/tb8163p3_bsp/drivers/gpu/drm/nouveau/nvkm/subdev/fb/priv.h:4:10: error: 'subdev/fb.h' file not found [clang-diagnostic-error]
/home/runner/work/android_kernel_mt8163/android_kernel_mt8163/kernel/alps/tb8163p3_bsp/drivers/gpu/drm/nouveau/nvkm/subdev/mmu/priv.h:4:10: error: 'subdev/mmu.h' file not found [clang-diagnostic-error]
/home/runner/work/android_kernel_mt8163/android_kernel_mt8163/kernel/alps/tb8163p3_bsp/arch/um/os-Linux/registers.c:10:10: error: 'sysdep/ptrace.h' file not found [clang-diagnostic-error]
/home/runner/work/android_kernel_mt8163/android_kernel_mt8163/kernel/alps/tb8163p3_bsp/tools/perf/util/unwind-libdw.c:2:10: error: 'elfutils/libdw.h' file not found [clang-diagnostic-error]
/home/runner/work/android_kernel_mt8163/android_kernel_mt8163/kernel/alps/tb8163p3_bsp/drivers/gpu/drm/nouveau/nvkm/engine/sw/priv.h:4:10: error: 'engine/sw.h' file not found [clang-diagnostic-error]
/home/runner/work/android_kernel_mt8163/android_kernel_mt8163/kernel/alps/tb8163p3_bsp/drivers/gpu/drm/nouveau/nvkm/subdev/i2c/pad.h:3:10: error: 'subdev/i2c.h' file not found [clang-diagnostic-error]
/home/runner/work/android_kernel_mt8163/android_kernel_mt8163/kernel/alps/tb8163p3_bsp/drivers/gpu/drm/nouveau/nvkm/engine/disp/priv.h:3:10: error: 'engine/disp.h' file not found [clang-diagnostic-error]
/home/runner/work/android_kernel_mt8163/android_kernel_mt8163/kernel/alps/tb8163p3_bsp/drivers/gpu/drm/nouveau/nvkm/subdev/fb/priv.h:4:10: error: 'subdev/fb.h' file not found [clang-diagnostic-error]
/home/runner/work/android_kernel_mt8163/android_kernel_mt8163/kernel/alps/tb8163p3_bsp/fs/xfs/xfs_linux.h:41:10: error: 'xfs_types.h' file not found [clang-diagnostic-error]
/home/runner/work/android_kernel_mt8163/android_kernel_mt8163/kernel/alps/tb8163p3_bsp/arch/sh/include/asm/traps_64.h:13:10: error: 'cpu/registers.h' file not found [clang-diagnostic-error]
/home/runner/work/android_kernel_mt8163/android_kernel_mt8163/kernel/alps/tb8163p3_bsp/tools/perf/arch/powerpc/tests/arch-tests.c:2:10: error: 'tests/tests.h' file not found [clang-diagnostic-error]
/home/runner/work/android_kernel_mt8163/android_kernel_mt8163/kernel/alps/tb8163p3_bsp/arch/x86/um/os-Linux/registers.c:12:10: error: 'longjmp.h' file not found [clang-diagnostic-error]
/home/runner/work/android_kernel_mt8163/android_kernel_mt8163/kernel/alps/tb8163p3_bsp/fs/xfs/libxfs/xfs_bmap.c:18:10: error: 'xfs.h' file not found [clang-diagnostic-error]
/home/runner/work/android_kernel_mt8163/android_kernel_mt8163/kernel/alps/tb8163p3_bsp/drivers/gpu/drm/nouveau/nvkm/subdev/pci/priv.h:4:10: error: 'subdev/pci.h' file not found [clang-diagnostic-error]
/home/runner/work/android_kernel_mt8163/android_kernel_mt8163/kernel/alps/tb8163p3_bsp/drivers/gpu/drm/nouveau/nvkm/engine/disp/priv.h:3:10: error: 'engine/disp.h' file not found [clang-diagnostic-error]
/home/runner/work/android_kernel_mt8163/android_kernel_mt8163/kernel/alps/tb8163p3_bsp/drivers/gpu/drm/nouveau/nvkm/engine/disp/priv.h:3:10: error: 'engine/disp.h' file not found [clang-diagnostic-error]
/home/runner/work/android_kernel_mt8163/android_kernel_mt8163/kernel/alps/tb8163p3_bsp/drivers/misc/mediatek/connectivity/common/common_main/linux/wmt_step.c:13:10: error: 'connectivity_build_in_adapter.h' file not found [clang-diagnostic-error]
/home/runner/work/android_kernel_mt8163/android_kernel_mt8163/kernel/alps/tb8163p3_bsp/drivers/mmc/host/mediatek/ComboA/msdc_partition.c:20:10: error: 'generated/autoconf.h' file not found [clang-diagnostic-error]
/home/runner/work/android_kernel_mt8163/android_kernel_mt8163/kernel/alps/tb8163p3_bsp/tools/usb/usbip/libsrc/usbip_common.c:5:10: error: 'libudev.h' file not found [clang-diagnostic-error]
/home/runner/work/android_kernel_mt8163/android_kernel_mt8163/kernel/alps/tb8163p3_bsp/drivers/gpu/drm/nouveau/nvkm/subdev/therm/priv.h:27:10: error: 'subdev/therm.h' file not found [clang-diagnostic-error]
/home/runner/work/android_kernel_mt8163/android_kernel_mt8163/kernel/alps/tb8163p3_bsp/drivers/gpu/drm/nouveau/nvkm/subdev/i2c/pad.h:3:10: error: 'subdev/i2c.h' file not found [clang-diagnostic-error]
/home/runner/work/android_kernel_mt8163/android_kernel_mt8163/kernel/alps/tb8163p3_bsp/drivers/gpu/drm/nouveau/nvkm/subdev/mmu/priv.h:4:10: error: 'subdev/mmu.h' file not found [clang-diagnostic-error]
/home/runner/work/android_kernel_mt8163/android_kernel_mt8163/kernel/alps/tb8163p3_bsp/tools/usb/usbip/libsrc/usbip_host_driver.c:23:10: error: 'libudev.h' file not found [clang-diagnostic-error]
/home/runner/work/android_kernel_mt8163/android_kernel_mt8163/kernel/alps/tb8163p3_bsp/drivers/gpu/drm/nouveau/nvkm/engine/dma/priv.h:4:10: error: 'engine/dma.h' file not found [clang-diagnostic-error]
/home/runner/work/android_kernel_mt8163/android_kernel_mt8163/kernel/alps/tb8163p3_bsp/arch/sh/include/asm/traps_64.h:13:10: error: 'cpu/registers.h' file not found [clang-diagnostic-error]
/home/runner/work/android_kernel_mt8163/android_kernel_mt8163/kernel/alps/tb8163p3_bsp/drivers/gpu/drm/nouveau/nvkm/engine/disp/vga.c:24:10: error: 'subdev/vga.h' file not found [clang-diagnostic-error]
/home/runner/work/android_kernel_mt8163/android_kernel_mt8163/kernel/alps/tb8163p3_bsp/tools/build/feature/test-libelf-getshdrstrndx.c:1:10: error: 'libelf.h' file not found [clang-diagnostic-error]
/home/runner/work/android_kernel_mt8163/android_kernel_mt8163/kernel/alps/tb8163p3_bsp/drivers/misc/mediatek/audio_ipi/common/framework/audio_dma_buf_control.c:16:10: error: 'scp_helper.h' file not found [clang-diagnostic-error]
/home/runner/work/android_kernel_mt8163/android_kernel_mt8163/kernel/alps/tb8163p3_bsp/drivers/gpu/drm/nouveau/nvkm/subdev/bios/image.c:24:10: error: 'subdev/bios.h' file not found [clang-diagnostic-error]
/home/runner/work/android_kernel_mt8163/android_kernel_mt8163/kernel/alps/tb8163p3_bsp/drivers/gpu/drm/nouveau/nvkm/subdev/i2c/pad.h:3:10: error: 'subdev/i2c.h' file not found [clang-diagnostic-error]
/home/runner/work/android_kernel_mt8163/android_kernel_mt8163/kernel/alps/tb8163p3_bsp/drivers/misc/mediatek/jpeg/v2/jpeg_cmdq.c:14:10: error: 'cmdq_core.h' file not found [clang-diagnostic-error]
/home/runner/work/android_kernel_mt8163/android_kernel_mt8163/kernel/alps/tb8163p3_bsp/drivers/gpu/drm/nouveau/nvkm/subdev/fb/priv.h:4:10: error: 'subdev/fb.h' file not found [clang-diagnostic-error]
/home/runner/work/android_kernel_mt8163/android_kernel_mt8163/kernel/alps/tb8163p3_bsp/drivers/media/dvb-frontends/rtl2830_priv.h:21:10: error: 'dvb_frontend.h' file not found [clang-diagnostic-error]
/home/runner/work/android_kernel_mt8163/android_kernel_mt8163/kernel/alps/tb8163p3_bsp/sound/soc/mediatek/common_int/mtk-soc-pcm-mod-dai.c:47:10: error: 'mtk-auddrv-afe.h' file not found [clang-diagnostic-error]
/home/runner/work/android_kernel_mt8163/android_kernel_mt8163/kernel/alps/tb8163p3_bsp/drivers/gpu/drm/nouveau/nvkm/engine/gr/priv.h:4:10: error: 'engine/gr.h' file not found [clang-diagnostic-error]
/home/runner/work/android_kernel_mt8163/android_kernel_mt8163/kernel/alps/tb8163p3_bsp/drivers/gpu/drm/nouveau/nvkm/subdev/bus/priv.h:4:10: error: 'subdev/bus.h' file not found [clang-diagnostic-error]
/home/runner/work/android_kernel_mt8163/android_kernel_mt8163/kernel/alps/tb8163p3_bsp/drivers/gpu/drm/nouveau/nvkm/core/ramht.c:22:10: error: 'core/ramht.h' file not found [clang-diagnostic-error]
/home/runner/work/android_kernel_mt8163/android_kernel_mt8163/kernel/alps/tb8163p3_bsp/drivers/gpu/drm/nouveau/nvkm/subdev/volt/priv.h:4:10: error: 'subdev/volt.h' file not found [clang-diagnostic-error]
/home/runner/work/android_kernel_mt8163/android_kernel_mt8163/kernel/alps/tb8163p3_bsp/scripts/dtc/libfdt/fdt_strerror.c:53:10: error: 'fdt.h' file not found with <angled> include; use "quotes" instead [clang-diagnostic-error]
/home/runner/work/android_kernel_mt8163/android_kernel_mt8163/kernel/alps/tb8163p3_bsp/scripts/dtc/libfdt/libfdt_internal.h:53:10: error: 'fdt.h' file not found with <angled> include; use "quotes" instead [clang-diagnostic-error]
/home/runner/work/android_kernel_mt8163/android_kernel_mt8163/kernel/alps/tb8163p3_bsp/tools/perf/tests/hists_cumulate.c:2:10: error: 'util/debug.h' file not found [clang-diagnostic-error]
/home/runner/work/android_kernel_mt8163/android_kernel_mt8163/kernel/alps/tb8163p3_bsp/drivers/gpu/drm/nouveau/nvkm/subdev/fb/priv.h:4:10: error: 'subdev/fb.h' file not found [clang-diagnostic-error]
/home/runner/work/android_kernel_mt8163/android_kernel_mt8163/kernel/alps/tb8163p3_bsp/drivers/gpu/drm/nouveau/nvkm/engine/disp/priv.h:3:10: error: 'engine/disp.h' file not found [clang-diagnostic-error]
/home/runner/work/android_kernel_mt8163/android_kernel_mt8163/kernel/alps/tb8163p3_bsp/fs/ocfs2/refcounttree.c:19:10: error: 'cluster/masklog.h' file not found with <angled> include; use "quotes" instead [clang-diagnostic-error]
/home/runner/work/android_kernel_mt8163/android_kernel_mt8163/kernel/alps/tb8163p3_bsp/tools/perf/ui/gtk/gtk.h:7:10: error: 'gtk/gtk.h' file not found [clang-diagnostic-error]
/home/runner/work/android_kernel_mt8163/android_kernel_mt8163/kernel/alps/tb8163p3_bsp/sound/soc/mediatek/common_int/mtk-soc-pcm-voice-ultra.c:50:10: error: 'mtk-auddrv-afe.h' file not found [clang-diagnostic-error]
/home/runner/work/android_kernel_mt8163/android_kernel_mt8163/kernel/alps/tb8163p3_bsp/drivers/gpu/drm/nouveau/nvkm/engine/disp/priv.h:3:10: error: 'engine/disp.h' file not found [clang-diagnostic-error]
/home/runner/work/android_kernel_mt8163/android_kernel_mt8163/kernel/alps/tb8163p3_bsp/drivers/gpu/drm/nouveau/nvkm/subdev/ltc/priv.h:4:10: error: 'subdev/ltc.h' file not found [clang-diagnostic-error]
/home/runner/work/android_kernel_mt8163/android_kernel_mt8163/kernel/alps/tb8163p3_bsp/arch/mips/loongson64/loongson-3/irq.c:1:10: error: 'loongson.h' file not found [clang-diagnostic-error]
/home/runner/work/android_kernel_mt8163/android_kernel_mt8163/kernel/alps/tb8163p3_bsp/drivers/gpu/drm/nouveau/nvkm/engine/disp/priv.h:3:10: error: 'engine/disp.h' file not found [clang-diagnostic-error]
/home/runner/work/android_kernel_mt8163/android_kernel_mt8163/kernel/alps/tb8163p3_bsp/drivers/misc/mediatek/cmdq/v3/cmdq_sec_trustonic.h:17:10: error: 'mobicore_driver_api.h' file not found [clang-diagnostic-error]
/home/runner/work/android_kernel_mt8163/android_kernel_mt8163/kernel/alps/tb8163p3_bsp/arch/powerpc/platforms/embedded6xx/usbgecko_udbg.c:15:10: error: 'mm/mmu_decl.h' file not found [clang-diagnostic-error]
/home/runner/work/android_kernel_mt8163/android_kernel_mt8163/kernel/alps/tb8163p3_bsp/drivers/gpu/drm/nouveau/nvkm/subdev/iccsense/priv.h:4:10: error: 'subdev/iccsense.h' file not found [clang-diagnostic-error]
/home/runner/work/android_kernel_mt8163/android_kernel_mt8163/kernel/alps/tb8163p3_bsp/drivers/gpu/drm/msm/mdp/mdp5/mdp5_kms.h:21:10: error: 'msm_drv.h' file not found [clang-diagnostic-error]
/home/runner/work/android_kernel_mt8163/android_kernel_mt8163/kernel/alps/tb8163p3_bsp/drivers/gpu/drm/nouveau/nvkm/engine/gr/priv.h:4:10: error: 'engine/gr.h' file not found [clang-diagnostic-error]
/home/runner/work/android_kernel_mt8163/android_kernel_mt8163/kernel/alps/tb8163p3_bsp/fs/xfs/xfs_linux.h:41:10: error: 'xfs_types.h' file not found [clang-diagnostic-error]
/home/runner/work/android_kernel_mt8163/android_kernel_mt8163/kernel/alps/tb8163p3_bsp/drivers/gpu/drm/nouveau/nvkm/core/notify.c:24:10: error: 'core/notify.h' file not found [clang-diagnostic-error]
/home/runner/work/android_kernel_mt8163/android_kernel_mt8163/kernel/alps/tb8163p3_bsp/lib/../scripts/dtc/libfdt/fdt.c:53:10: error: 'fdt.h' file not found with <angled> include; use "quotes" instead [clang-diagnostic-error]
/home/runner/work/android_kernel_mt8163/android_kernel_mt8163/kernel/alps/tb8163p3_bsp/lib/../scripts/dtc/libfdt/libfdt_internal.h:53:10: error: 'fdt.h' file not found with <angled> include; use "quotes" instead [clang-diagnostic-error]
/home/runner/work/android_kernel_mt8163/android_kernel_mt8163/kernel/alps/tb8163p3_bsp/drivers/misc/mediatek/masp/asfv2/core/sec_legacy.c:14:10: error: 'sec_hal.h' file not found [clang-diagnostic-error]
/home/runner/work/android_kernel_mt8163/android_kernel_mt8163/kernel/alps/tb8163p3_bsp/fs/xfs/libxfs/xfs_bit.c:18:10: error: 'xfs.h' file not found [clang-diagnostic-error]
/home/runner/work/android_kernel_mt8163/android_kernel_mt8163/kernel/alps/tb8163p3_bsp/drivers/gpu/drm/nouveau/nvkm/engine/gr/priv.h:4:10: error: 'engine/gr.h' file not found [clang-diagnostic-error]
/home/runner/work/android_kernel_mt8163/android_kernel_mt8163/kernel/alps/tb8163p3_bsp/drivers/media/dvb-frontends/cxd2820r_priv.h:26:10: error: 'dvb_frontend.h' file not found [clang-diagnostic-error]
/home/runner/work/android_kernel_mt8163/android_kernel_mt8163/kernel/alps/tb8163p3_bsp/drivers/gpu/drm/nouveau/nvkm/subdev/fb/priv.h:4:10: error: 'subdev/fb.h' file not found [clang-diagnostic-error]
/home/runner/work/android_kernel_mt8163/android_kernel_mt8163/kernel/alps/tb8163p3_bsp/arch/x86/boot/version.c:16:10: error: 'generated/utsrelease.h' file not found [clang-diagnostic-error]
/home/runner/work/android_kernel_mt8163/android_kernel_mt8163/kernel/alps/tb8163p3_bsp/drivers/media/usb/dvb-usb/dw2102.c:16:10: error: 'dvb-usb-ids.h' file not found [clang-diagnostic-error]
/home/runner/work/android_kernel_mt8163/android_kernel_mt8163/kernel/alps/tb8163p3_bsp/fs/xfs/xfs_linux.h:41:10: error: 'xfs_types.h' file not found [clang-diagnostic-error]
/home/runner/work/android_kernel_mt8163/android_kernel_mt8163/kernel/alps/tb8163p3_bsp/fs/xfs/xfs_linux.h:41:10: error: 'xfs_types.h' file not found [clang-diagnostic-error]
/home/runner/work/android_kernel_mt8163/android_kernel_mt8163/kernel/alps/tb8163p3_bsp/drivers/gpu/drm/nouveau/nvkm/engine/sw/priv.h:4:10: error: 'engine/sw.h' file not found [clang-diagnostic-error]
/home/runner/work/android_kernel_mt8163/android_kernel_mt8163/kernel/alps/tb8163p3_bsp/drivers/gpu/drm/nouveau/nvkm/engine/disp/priv.h:3:10: error: 'engine/disp.h' file not found [clang-diagnostic-error]
/home/runner/work/android_kernel_mt8163/android_kernel_mt8163/kernel/alps/tb8163p3_bsp/drivers/misc/mediatek/mtee/tz_mem.c:49:10: error: 'tz_cross/ta_mem.h' file not found [clang-diagnostic-error]
/home/runner/work/android_kernel_mt8163/android_kernel_mt8163/kernel/alps/tb8163p3_bsp/drivers/gpu/drm/nouveau/nvkm/subdev/i2c/pad.h:3:10: error: 'subdev/i2c.h' file not found [clang-diagnostic-error]
/home/runner/work/android_kernel_mt8163/android_kernel_mt8163/kernel/alps/tb8163p3_bsp/drivers/gpu/drm/nouveau/nvkm/subdev/i2c/priv.h:4:10: error: 'subdev/i2c.h' file not found [clang-diagnostic-error]
/home/runner/work/android_kernel_mt8163/android_kernel_mt8163/kernel/alps/tb8163p3_bsp/drivers/media/dvb-frontends/lgdt3306a.c:23:10: error: 'dvb_math.h' file not found [clang-diagnostic-error]
/home/runner/work/android_kernel_mt8163/android_kernel_mt8163/kernel/alps/tb8163p3_bsp/tools/power/cpupower/utils/helpers/misc.c:3:10: error: 'helpers/helpers.h' file not found [clang-diagnostic-error]
/home/runner/work/android_kernel_mt8163/android_kernel_mt8163/kernel/alps/tb8163p3_bsp/drivers/gpu/drm/nouveau/nvkm/engine/fifo/priv.h:4:10: error: 'engine/fifo.h' file not found [clang-diagnostic-error]
/home/runner/work/android_kernel_mt8163/android_kernel_mt8163/kernel/alps/tb8163p3_bsp/drivers/gpu/drm/nouveau/nvkm/engine/disp/priv.h:3:10: error: 'engine/disp.h' file not found [clang-diagnostic-error]
/home/runner/work/android_kernel_mt8163/android_kernel_mt8163/kernel/alps/tb8163p3_bsp/arch/um/drivers/slip_common.c:3:10: error: 'net_user.h' file not found [clang-diagnostic-error]
/home/runner/work/android_kernel_mt8163/android_kernel_mt8163/kernel/alps/tb8163p3_bsp/drivers/net/fddi/skfp/h/targethw.h:30:10: error: 'fplus.h' file not found [clang-diagnostic-error]
/home/runner/work/android_kernel_mt8163/android_kernel_mt8163/kernel/alps/tb8163p3_bsp/include/linux/kconfig.h:4:10: error: 'generated/autoconf.h' file not found [clang-diagnostic-error]
/home/runner/work/android_kernel_mt8163/android_kernel_mt8163/kernel/alps/tb8163p3_bsp/arch/arm/mach-imx/devices/platform-mxc_nand.c:9:10: error: 'asm/sizes.h' file not found [clang-diagnostic-error]
/home/runner/work/android_kernel_mt8163/android_kernel_mt8163/kernel/alps/tb8163p3_bsp/drivers/misc/mediatek/base/power/cpufreq_v1/src/mtk_cpufreq_debug.c:14:10: error: 'mtk_cpufreq_debug.h' file not found [clang-diagnostic-error]
/home/runner/work/android_kernel_mt8163/android_kernel_mt8163/kernel/alps/tb8163p3_bsp/drivers/gpu/drm/nouveau/nvkm/engine/mpeg/priv.h:3:10: error: 'engine/mpeg.h' file not found [clang-diagnostic-error]
/home/runner/work/android_kernel_mt8163/android_kernel_mt8163/kernel/alps/tb8163p3_bsp/drivers/gpu/drm/nouveau/nvkm/engine/gr/priv.h:4:10: error: 'engine/gr.h' file not found [clang-diagnostic-error]
/home/runner/work/android_kernel_mt8163/android_kernel_mt8163/kernel/alps/tb8163p3_bsp/drivers/gpu/drm/nouveau/nvkm/subdev/bios/priv.h:4:10: error: 'subdev/bios.h' file not found [clang-diagnostic-error]
/home/runner/work/android_kernel_mt8163/android_kernel_mt8163/kernel/alps/tb8163p3_bsp/drivers/net/fddi/skfp/h/targethw.h:30:10: error: 'fplus.h' file not found [clang-diagnostic-error]
/home/runner/work/android_kernel_mt8163/android_kernel_mt8163/kernel/alps/tb8163p3_bsp/lib/../scripts/dtc/libfdt/fdt_strerror.c:53:10: error: 'fdt.h' file not found with <angled> include; use "quotes" instead [clang-diagnostic-error]
/home/runner/work/android_kernel_mt8163/android_kernel_mt8163/kernel/alps/tb8163p3_bsp/lib/../scripts/dtc/libfdt/libfdt_internal.h:53:10: error: 'fdt.h' file not found with <angled> include; use "quotes" instead [clang-diagnostic-error]
/home/runner/work/android_kernel_mt8163/android_kernel_mt8163/kernel/alps/tb8163p3_bsp/include/linux/kconfig.h:4:10: error: 'generated/autoconf.h' file not found [clang-diagnostic-error]
/home/runner/work/android_kernel_mt8163/android_kernel_mt8163/kernel/alps/tb8163p3_bsp/arch/arm/mach-imx/devices/platform-imx2-wdt.c:9:10: error: 'asm/sizes.h' file not found [clang-diagnostic-error]
/home/runner/work/android_kernel_mt8163/android_kernel_mt8163/kernel/alps/tb8163p3_bsp/drivers/misc/mediatek/lcm/CPT_CLAP070WP03XG_LVDS/CPT_CLAP070WP03XG_LVDS.c:13:10: error: 'mach/mt_gpio.h' file not found [clang-diagnostic-error]
/home/runner/work/android_kernel_mt8163/android_kernel_mt8163/kernel/alps/tb8163p3_bsp/fs/xfs/xfs_linux.h:41:10: error: 'xfs_types.h' file not found [clang-diagnostic-error]
/home/runner/work/android_kernel_mt8163/android_kernel_mt8163/kernel/alps/tb8163p3_bsp/fs/xfs/xfs_linux.h:41:10: error: 'xfs_types.h' file not found [clang-diagnostic-error]
/home/runner/work/android_kernel_mt8163/android_kernel_mt8163/kernel/alps/tb8163p3_bsp/drivers/misc/mediatek/audio_ipi/common/framework/audio_ipi_message.c:16:10: error: 'audio_assert.h' file not found [clang-diagnostic-error]
/home/runner/work/android_kernel_mt8163/android_kernel_mt8163/kernel/alps/tb8163p3_bsp/fs/xfs/libxfs/xfs_dquot_buf.c:19:10: error: 'xfs.h' file not found [clang-diagnostic-error]
/home/runner/work/android_kernel_mt8163/android_kernel_mt8163/kernel/alps/tb8163p3_bsp/sound/soc/mediatek/codec/mt6357/mtk-auddrv-ana.h:52:10: error: 'mtk-auddrv-def.h' file not found [clang-diagnostic-error]
/home/runner/work/android_kernel_mt8163/android_kernel_mt8163/kernel/alps/tb8163p3_bsp/drivers/gpu/drm/nouveau/nvkm/subdev/pci/priv.h:4:10: error: 'subdev/pci.h' file not found [clang-diagnostic-error]
/home/runner/work/android_kernel_mt8163/android_kernel_mt8163/kernel/alps/tb8163p3_bsp/drivers/misc/mediatek/masp/asfv2/mach/hacc_sk.c:17:10: error: 'sec_error.h' file not found [clang-diagnostic-error]
/home/runner/work/android_kernel_mt8163/android_kernel_mt8163/kernel/alps/tb8163p3_bsp/drivers/gpu/drm/nouveau/nvkm/engine/pm/priv.h:4:10: error: 'engine/pm.h' file not found [clang-diagnostic-error]
/home/runner/work/android_kernel_mt8163/android_kernel_mt8163/kernel/alps/tb8163p3_bsp/drivers/gpu/drm/nouveau/nvkm/engine/fifo/priv.h:4:10: error: 'engine/fifo.h' file not found [clang-diagnostic-error]
/home/runner/work/android_kernel_mt8163/android_kernel_mt8163/kernel/alps/tb8163p3_bsp/tools/build/feature/test-libdw-dwarf-unwind.c:2:10: error: 'elfutils/libdwfl.h' file not found [clang-diagnostic-error]
/home/runner/work/android_kernel_mt8163/android_kernel_mt8163/kernel/alps/tb8163p3_bsp/drivers/gpu/drm/nouveau/nvkm/core/event.c:22:10: error: 'core/event.h' file not found [clang-diagnostic-error]
/home/runner/work/android_kernel_mt8163/android_kernel_mt8163/kernel/alps/tb8163p3_bsp/sound/soc/mediatek/common_int/mtk-soc-pcm-voice-scp.c:49:10: error: 'audio_dma_buf_control.h' file not found [clang-diagnostic-error]
/home/runner/work/android_kernel_mt8163/android_kernel_mt8163/kernel/alps/tb8163p3_bsp/drivers/gpu/drm/nouveau/nvkm/engine/disp/dport.h:3:10: error: 'core/os.h' file not found [clang-diagnostic-error]
/home/runner/work/android_kernel_mt8163/android_kernel_mt8163/kernel/alps/tb8163p3_bsp/drivers/gpu/drm/nouveau/nvkm/engine/gr/priv.h:4:10: error: 'engine/gr.h' file not found [clang-diagnostic-error]
/home/runner/work/android_kernel_mt8163/android_kernel_mt8163/kernel/alps/tb8163p3_bsp/drivers/gpu/drm/nouveau/nvkm/subdev/pmu/priv.h:4:10: error: 'subdev/pmu.h' file not found [clang-diagnostic-error]
/home/runner/work/android_kernel_mt8163/android_kernel_mt8163/kernel/alps/tb8163p3_bsp/drivers/gpu/drm/nouveau/nvkm/subdev/volt/priv.h:4:10: error: 'subdev/volt.h' file not found [clang-diagnostic-error]
/home/runner/work/android_kernel_mt8163/android_kernel_mt8163/kernel/alps/tb8163p3_bsp/drivers/gpu/drm/nouveau/nvkm/engine/gr/priv.h:4:10: error: 'engine/gr.h' file not found [clang-diagnostic-error]
/home/runner/work/android_kernel_mt8163/android_kernel_mt8163/kernel/alps/tb8163p3_bsp/drivers/media/tuners/fc0013.h:25:10: error: 'dvb_frontend.h' file not found [clang-diagnostic-error]
/home/runner/work/android_kernel_mt8163/android_kernel_mt8163/kernel/alps/tb8163p3_bsp/drivers/gpu/drm/nouveau/nvkm/subdev/timer/priv.h:4:10: error: 'subdev/timer.h' file not found [clang-diagnostic-error]
/home/runner/work/android_kernel_mt8163/android_kernel_mt8163/kernel/alps/tb8163p3_bsp/drivers/misc/mediatek/accdet/accdet_drv.c:14:10: error: 'accdet.h' file not found [clang-diagnostic-error]
/home/runner/work/android_kernel_mt8163/android_kernel_mt8163/kernel/alps/tb8163p3_bsp/drivers/misc/mediatek/video/mt8163/videox/debug.h:17:10: error: 'ddp_ovl.h' file not found [clang-diagnostic-error]
/home/runner/work/android_kernel_mt8163/android_kernel_mt8163/kernel/alps/tb8163p3_bsp/drivers/gpu/drm/nouveau/nvkm/engine/dma/priv.h:4:10: error: 'engine/dma.h' file not found [clang-diagnostic-error]
/home/runner/work/android_kernel_mt8163/android_kernel_mt8163/kernel/alps/tb8163p3_bsp/drivers/gpu/drm/nouveau/nvkm/engine/msvld/priv.h:3:10: error: 'engine/msvld.h' file not found [clang-diagnostic-error]
/home/runner/work/android_kernel_mt8163/android_kernel_mt8163/kernel/alps/tb8163p3_bsp/drivers/gpu/drm/msm/mdp/mdp5/mdp5_kms.h:21:10: error: 'msm_drv.h' file not found [clang-diagnostic-error]
/home/runner/work/android_kernel_mt8163/android_kernel_mt8163/kernel/alps/tb8163p3_bsp/scripts/gcc-plugins/gcc-common.h:4:10: error: 'bversion.h' file not found [clang-diagnostic-error]
/home/runner/work/android_kernel_mt8163/android_kernel_mt8163/kernel/alps/tb8163p3_bsp/fs/xfs/xfs_linux.h:41:10: error: 'xfs_types.h' file not found [clang-diagnostic-error]
/home/runner/work/android_kernel_mt8163/android_kernel_mt8163/kernel/alps/tb8163p3_bsp/drivers/gpu/drm/nouveau/nvkm/engine/disp/priv.h:3:10: error: 'engine/disp.h' file not found [clang-diagnostic-error]
/home/runner/work/android_kernel_mt8163/android_kernel_mt8163/kernel/alps/tb8163p3_bsp/drivers/media/pci/cx23885/altera-ci.c:51:10: error: 'dvb_demux.h' file not found [clang-diagnostic-error]
/home/runner/work/android_kernel_mt8163/android_kernel_mt8163/kernel/alps/tb8163p3_bsp/drivers/gpu/drm/nouveau/nvkm/subdev/devinit/priv.h:4:10: error: 'subdev/devinit.h' file not found [clang-diagnostic-error]
/home/runner/work/android_kernel_mt8163/android_kernel_mt8163/kernel/alps/tb8163p3_bsp/drivers/misc/mediatek/connectivity/common/common_detect/drv_init/gps_drv_init.c:20:10: error: 'wmt_detect.h' file not found [clang-diagnostic-error]
/home/runner/work/android_kernel_mt8163/android_kernel_mt8163/kernel/alps/tb8163p3_bsp/drivers/net/fddi/skfp/h/targethw.h:30:10: error: 'fplus.h' file not found [clang-diagnostic-error]
/home/runner/work/android_kernel_mt8163/android_kernel_mt8163/kernel/alps/tb8163p3_bsp/drivers/devfreq/helio-dvfsrc-opp.c:14:10: error: 'helio-dvfsrc.h' file not found with <angled> include; use "quotes" instead [clang-diagnostic-error]
/home/runner/work/android_kernel_mt8163/android_kernel_mt8163/kernel/alps/tb8163p3_bsp/drivers/gpu/drm/nouveau/nvkm/engine/fifo/priv.h:4:10: error: 'engine/fifo.h' file not found [clang-diagnostic-error]
/home/runner/work/android_kernel_mt8163/android_kernel_mt8163/kernel/alps/tb8163p3_bsp/drivers/gpu/drm/nouveau/nvkm/subdev/ibus/priv.h:4:10: error: 'subdev/ibus.h' file not found [clang-diagnostic-error]
/home/runner/work/android_kernel_mt8163/android_kernel_mt8163/kernel/alps/tb8163p3_bsp/drivers/media/usb/dvb-usb-v2/mxl111sf-demod.h:24:10: error: 'dvb_frontend.h' file not found [clang-diagnostic-error]
/home/runner/work/android_kernel_mt8163/android_kernel_mt8163/kernel/alps/tb8163p3_bsp/drivers/gpu/drm/nouveau/nvkm/subdev/i2c/pad.h:3:10: error: 'subdev/i2c.h' file not found [clang-diagnostic-error]
/home/runner/work/android_kernel_mt8163/android_kernel_mt8163/kernel/alps/tb8163p3_bsp/drivers/gpu/drm/nouveau/nvkm/engine/gr/priv.h:4:10: error: 'engine/gr.h' file not found [clang-diagnostic-error]
/home/runner/work/android_kernel_mt8163/android_kernel_mt8163/kernel/alps/tb8163p3_bsp/drivers/gpu/drm/nouveau/nvkm/subdev/bus/priv.h:4:10: error: 'subdev/bus.h' file not found [clang-diagnostic-error]
/home/runner/work/android_kernel_mt8163/android_kernel_mt8163/kernel/alps/tb8163p3_bsp/drivers/gpu/drm/nouveau/nvkm/subdev/fb/priv.h:4:10: error: 'subdev/fb.h' file not found [clang-diagnostic-error]
/home/runner/work/android_kernel_mt8163/android_kernel_mt8163/kernel/alps/tb8163p3_bsp/fs/xfs/libxfs/xfs_dir2_node.c:19:10: error: 'xfs.h' file not found [clang-diagnostic-error]
/home/runner/work/android_kernel_mt8163/android_kernel_mt8163/kernel/alps/tb8163p3_bsp/drivers/gpu/drm/nouveau/nvkm/engine/gr/priv.h:4:10: error: 'engine/gr.h' file not found [clang-diagnostic-error]
/home/runner/work/android_kernel_mt8163/android_kernel_mt8163/kernel/alps/tb8163p3_bsp/drivers/gpu/drm/nouveau/nvkm/engine/disp/priv.h:3:10: error: 'engine/disp.h' file not found [clang-diagnostic-error]
/home/runner/work/android_kernel_mt8163/android_kernel_mt8163/kernel/alps/tb8163p3_bsp/tools/build/feature/test-libelf-mmap.c:1:10: error: 'libelf.h' file not found [clang-diagnostic-error]
/home/runner/work/android_kernel_mt8163/android_kernel_mt8163/kernel/alps/tb8163p3_bsp/fs/xfs/xfs_linux.h:41:10: error: 'xfs_types.h' file not found [clang-diagnostic-error]
/home/runner/work/android_kernel_mt8163/android_kernel_mt8163/kernel/alps/tb8163p3_bsp/drivers/media/usb/gspca/gl860/gl860.h:22:10: error: 'gspca.h' file not found [clang-diagnostic-error]
/home/runner/work/android_kernel_mt8163/android_kernel_mt8163/kernel/alps/tb8163p3_bsp/drivers/gpu/drm/nouveau/nvkm/subdev/bus/priv.h:4:10: error: 'subdev/bus.h' file not found [clang-diagnostic-error]
/home/runner/work/android_kernel_mt8163/android_kernel_mt8163/kernel/alps/tb8163p3_bsp/drivers/gpu/drm/nouveau/nvkm/subdev/fb/priv.h:4:10: error: 'subdev/fb.h' file not found [clang-diagnostic-error]
/home/runner/work/android_kernel_mt8163/android_kernel_mt8163/kernel/alps/tb8163p3_bsp/drivers/gpu/drm/nouveau/nvkm/subdev/gpio/priv.h:4:10: error: 'subdev/gpio.h' file not found [clang-diagnostic-error]
/home/runner/work/android_kernel_mt8163/android_kernel_mt8163/kernel/alps/tb8163p3_bsp/drivers/gpu/drm/nouveau/nvkm/subdev/pci/priv.h:4:10: error: 'subdev/pci.h' file not found [clang-diagnostic-error]
/home/runner/work/android_kernel_mt8163/android_kernel_mt8163/kernel/alps/tb8163p3_bsp/drivers/media/dvb-frontends/hd29l2_priv.h:27:10: error: 'dvb_frontend.h' file not found [clang-diagnostic-error]
/home/runner/work/android_kernel_mt8163/android_kernel_mt8163/kernel/alps/tb8163p3_bsp/drivers/staging/android/ion/mtk/ion_profile.h:51:10: error: 'mmprofile.h' file not found [clang-diagnostic-error]
/home/runner/work/android_kernel_mt8163/android_kernel_mt8163/kernel/alps/tb8163p3_bsp/drivers/gpu/drm/nouveau/nvkm/subdev/clk/priv.h:4:10: error: 'subdev/clk.h' file not found [clang-diagnostic-error]
/home/runner/work/android_kernel_mt8163/android_kernel_mt8163/kernel/alps/tb8163p3_bsp/drivers/gpu/drm/nouveau/nvkm/engine/disp/priv.h:3:10: error: 'engine/disp.h' file not found [clang-diagnostic-error]
/home/runner/work/android_kernel_mt8163/android_kernel_mt8163/kernel/alps/tb8163p3_bsp/drivers/gpu/drm/msm/mdp/mdp4/mdp4_irq.c:19:10: error: 'msm_drv.h' file not found [clang-diagnostic-error]
/home/runner/work/android_kernel_mt8163/android_kernel_mt8163/kernel/alps/tb8163p3_bsp/fs/xfs/xfs_linux.h:41:10: error: 'xfs_types.h' file not found [clang-diagnostic-error]
/home/runner/work/android_kernel_mt8163/android_kernel_mt8163/kernel/alps/tb8163p3_bsp/drivers/net/fddi/skfp/h/targethw.h:30:10: error: 'fplus.h' file not found [clang-diagnostic-error]
/home/runner/work/android_kernel_mt8163/android_kernel_mt8163/kernel/alps/tb8163p3_bsp/drivers/gpu/drm/nouveau/nvkm/engine/gr/priv.h:4:10: error: 'engine/gr.h' file not found [clang-diagnostic-error]
/home/runner/work/android_kernel_mt8163/android_kernel_mt8163/kernel/alps/tb8163p3_bsp/drivers/gpu/drm/nouveau/nvkm/engine/disp/priv.h:3:10: error: 'engine/disp.h' file not found [clang-diagnostic-error]
/home/runner/work/android_kernel_mt8163/android_kernel_mt8163/kernel/alps/tb8163p3_bsp/drivers/gpu/drm/nouveau/nvkm/subdev/bus/priv.h:4:10: error: 'subdev/bus.h' file not found [clang-diagnostic-error]
/home/runner/work/android_kernel_mt8163/android_kernel_mt8163/kernel/alps/tb8163p3_bsp/drivers/gpu/drm/nouveau/nvkm/subdev/clk/priv.h:4:10: error: 'subdev/clk.h' file not found [clang-diagnostic-error]
/home/runner/work/android_kernel_mt8163/android_kernel_mt8163/kernel/alps/tb8163p3_bsp/drivers/gpu/drm/nouveau/nvkm/engine/disp/outp.h:3:10: error: 'engine/disp.h' file not found [clang-diagnostic-error]
/home/runner/work/android_kernel_mt8163/android_kernel_mt8163/kernel/alps/tb8163p3_bsp/net/ceph/crush/crush.c:5:11: error: 'crush_compat.h' file not found [clang-diagnostic-error]
/home/runner/work/android_kernel_mt8163/android_kernel_mt8163/kernel/alps/tb8163p3_bsp/drivers/gpu/drm/nouveau/nvkm/subdev/fuse/priv.h:4:10: error: 'subdev/fuse.h' file not found [clang-diagnostic-error]
/home/runner/work/android_kernel_mt8163/android_kernel_mt8163/kernel/alps/tb8163p3_bsp/tools/perf/scripts/python/Perf-Trace-Util/Context.c:22:10: error: 'Python.h' file not found [clang-diagnostic-error]
/home/runner/work/android_kernel_mt8163/android_kernel_mt8163/kernel/alps/tb8163p3_bsp/drivers/gpu/drm/nouveau/nvkm/subdev/mc/priv.h:4:10: error: 'subdev/mc.h' file not found [clang-diagnostic-error]
/home/runner/work/android_kernel_mt8163/android_kernel_mt8163/kernel/alps/tb8163p3_bsp/drivers/gpu/drm/nouveau/nvkm/subdev/ibus/priv.h:4:10: error: 'subdev/ibus.h' file not found [clang-diagnostic-error]
/home/runner/work/android_kernel_mt8163/android_kernel_mt8163/kernel/alps/tb8163p3_bsp/drivers/media/dvb-frontends/gp8psk-fe.c:19:10: error: 'dvb_frontend.h' file not found [clang-diagnostic-error]
/home/runner/work/android_kernel_mt8163/android_kernel_mt8163/kernel/alps/tb8163p3_bsp/drivers/gpu/drm/nouveau/nvkm/engine/gr/priv.h:4:10: error: 'engine/gr.h' file not found [clang-diagnostic-error]
/home/runner/work/android_kernel_mt8163/android_kernel_mt8163/kernel/alps/tb8163p3_bsp/fs/xfs/libxfs/xfs_rmap.c:18:10: error: 'xfs.h' file not found [clang-diagnostic-error]
/home/runner/work/android_kernel_mt8163/android_kernel_mt8163/kernel/alps/tb8163p3_bsp/tools/testing/selftests/powerpc/alignment/copy_unaligned.c:16:10: error: 'utils.h' file not found [clang-diagnostic-error]
/home/runner/work/android_kernel_mt8163/android_kernel_mt8163/kernel/alps/tb8163p3_bsp/drivers/gpu/drm/msm/dsi/dsi_manager.c:14:10: error: 'msm_kms.h' file not found [clang-diagnostic-error]
/home/runner/work/android_kernel_mt8163/android_kernel_mt8163/kernel/alps/tb8163p3_bsp/drivers/gpu/drm/nouveau/nvkm/subdev/mc/priv.h:4:10: error: 'subdev/mc.h' file not found [clang-diagnostic-error]
/home/runner/work/android_kernel_mt8163/android_kernel_mt8163/kernel/alps/tb8163p3_bsp/drivers/net/fddi/skfp/h/targethw.h:30:10: error: 'fplus.h' file not found [clang-diagnostic-error]
/home/runner/work/android_kernel_mt8163/android_kernel_mt8163/kernel/alps/tb8163p3_bsp/drivers/misc/mediatek/mdp/mdp_m4u.h:21:10: error: 'ion_priv.h' file not found [clang-diagnostic-error]
/home/runner/work/android_kernel_mt8163/android_kernel_mt8163/kernel/alps/tb8163p3_bsp/drivers/gpu/drm/nouveau/nvkm/subdev/fb/priv.h:4:10: error: 'subdev/fb.h' file not found [clang-diagnostic-error]
/home/runner/work/android_kernel_mt8163/android_kernel_mt8163/kernel/alps/tb8163p3_bsp/drivers/gpu/drm/nouveau/nvkm/subdev/bios/init.c:24:10: error: 'subdev/bios.h' file not found [clang-diagnostic-error]
/home/runner/work/android_kernel_mt8163/android_kernel_mt8163/kernel/alps/tb8163p3_bsp/drivers/net/fddi/skfp/h/targethw.h:30:10: error: 'fplus.h' file not found [clang-diagnostic-error]
/home/runner/work/android_kernel_mt8163/android_kernel_mt8163/kernel/alps/tb8163p3_bsp/drivers/gpu/drm/nouveau/nvkm/subdev/pci/priv.h:4:10: error: 'subdev/pci.h' file not found [clang-diagnostic-error]
/home/runner/work/android_kernel_mt8163/android_kernel_mt8163/kernel/alps/tb8163p3_bsp/fs/xfs/libxfs/xfs_ag_resv.c:20:10: error: 'xfs.h' file not found [clang-diagnostic-error]
/home/runner/work/android_kernel_mt8163/android_kernel_mt8163/kernel/alps/tb8163p3_bsp/sound/soc/mediatek/common_int/mtk-soc-pcm-capture2.c:49:10: error: 'mtk-auddrv-afe.h' file not found [clang-diagnostic-error]
/home/runner/work/android_kernel_mt8163/android_kernel_mt8163/kernel/alps/tb8163p3_bsp/drivers/gpu/drm/nouveau/nvkm/subdev/devinit/priv.h:4:10: error: 'subdev/devinit.h' file not found [clang-diagnostic-error]
/home/runner/work/android_kernel_mt8163/android_kernel_mt8163/kernel/alps/tb8163p3_bsp/drivers/gpu/drm/nouveau/nvkm/engine/pm/priv.h:4:10: error: 'engine/pm.h' file not found [clang-diagnostic-error]
/home/runner/work/android_kernel_mt8163/android_kernel_mt8163/kernel/alps/tb8163p3_bsp/drivers/gpu/drm/nouveau/nvkm/subdev/bios/mxm.c:24:10: error: 'subdev/bios.h' file not found [clang-diagnostic-error]
/home/runner/work/android_kernel_mt8163/android_kernel_mt8163/kernel/alps/tb8163p3_bsp/drivers/misc/mediatek/uart/uart.c:21:10: error: 'generated/autoconf.h' file not found [clang-diagnostic-error]
/home/runner/work/android_kernel_mt8163/android_kernel_mt8163/kernel/alps/tb8163p3_bsp/drivers/misc/mediatek/masp/asfv2/core/sec_osal.c:17:10: error: 'sec_osal.h' file not found [clang-diagnostic-error]
/home/runner/work/android_kernel_mt8163/android_kernel_mt8163/kernel/alps/tb8163p3_bsp/drivers/gpu/drm/nouveau/nvkm/engine/gr/priv.h:4:10: error: 'engine/gr.h' file not found [clang-diagnostic-error]
/home/runner/work/android_kernel_mt8163/android_kernel_mt8163/kernel/alps/tb8163p3_bsp/arch/powerpc/platforms/52xx/efika.c:13:10: error: 'generated/utsrelease.h' file not found [clang-diagnostic-error]
/home/runner/work/android_kernel_mt8163/android_kernel_mt8163/kernel/alps/tb8163p3_bsp/fs/xfs/xfs_linux.h:41:10: error: 'xfs_types.h' file not found [clang-diagnostic-error]
/home/runner/work/android_kernel_mt8163/android_kernel_mt8163/kernel/alps/tb8163p3_bsp/drivers/gpu/drm/nouveau/nvkm/engine/disp/priv.h:3:10: error: 'engine/disp.h' file not found [clang-diagnostic-error]
/home/runner/work/android_kernel_mt8163/android_kernel_mt8163/kernel/alps/tb8163p3_bsp/drivers/gpu/drm/nouveau/nvkm/subdev/gpio/priv.h:4:10: error: 'subdev/gpio.h' file not found [clang-diagnostic-error]
/home/runner/work/android_kernel_mt8163/android_kernel_mt8163/kernel/alps/tb8163p3_bsp/arch/mips/loongson64/common/cs5536/cs5536_ohci.c:16:10: error: 'cs5536/cs5536.h' file not found [clang-diagnostic-error]
/home/runner/work/android_kernel_mt8163/android_kernel_mt8163/kernel/alps/tb8163p3_bsp/drivers/gpu/drm/nouveau/nvkm/subdev/secboot/priv.h:26:10: error: 'subdev/secboot.h' file not found [clang-diagnostic-error]
/home/runner/work/android_kernel_mt8163/android_kernel_mt8163/kernel/alps/tb8163p3_bsp/arch/powerpc/platforms/cell/spufs/spu_save.c:35:10: error: 'spu_intrinsics.h' file not found [clang-diagnostic-error]
/home/runner/work/android_kernel_mt8163/android_kernel_mt8163/kernel/alps/tb8163p3_bsp/drivers/gpu/drm/nouveau/nvkm/engine/mspdec/priv.h:3:10: error: 'engine/mspdec.h' file not found [clang-diagnostic-error]
/home/runner/work/android_kernel_mt8163/android_kernel_mt8163/kernel/alps/tb8163p3_bsp/sound/soc/mediatek/common_int/mtk-soc-pcm-voice-usb.c:49:10: error: 'mtk-auddrv-afe.h' file not found [clang-diagnostic-error]
/home/runner/work/android_kernel_mt8163/android_kernel_mt8163/kernel/alps/tb8163p3_bsp/drivers/misc/mediatek/sensors-1.0/situation/sar/sarhub.c:19:10: error: 'situation.h' file not found [clang-diagnostic-error]
/home/runner/work/android_kernel_mt8163/android_kernel_mt8163/kernel/alps/tb8163p3_bsp/drivers/gpu/drm/nouveau/nvkm/subdev/pci/priv.h:4:10: error: 'subdev/pci.h' file not found [clang-diagnostic-error]
/home/runner/work/android_kernel_mt8163/android_kernel_mt8163/kernel/alps/tb8163p3_bsp/drivers/gpu/drm/nouveau/nvkm/subdev/fb/priv.h:4:10: error: 'subdev/fb.h' file not found [clang-diagnostic-error]
/home/runner/work/android_kernel_mt8163/android_kernel_mt8163/kernel/alps/tb8163p3_bsp/fs/xfs/libxfs/xfs_defer.c:20:10: error: 'xfs.h' file not found [clang-diagnostic-error]
/home/runner/work/android_kernel_mt8163/android_kernel_mt8163/kernel/alps/tb8163p3_bsp/drivers/gpu/drm/nouveau/nvkm/engine/mpeg/priv.h:3:10: error: 'engine/mpeg.h' file not found [clang-diagnostic-error]
/home/runner/work/android_kernel_mt8163/android_kernel_mt8163/kernel/alps/tb8163p3_bsp/drivers/gpu/drm/nouveau/nvkm/subdev/fb/priv.h:4:10: error: 'subdev/fb.h' file not found [clang-diagnostic-error]
/home/runner/work/android_kernel_mt8163/android_kernel_mt8163/kernel/alps/tb8163p3_bsp/tools/build/feature/test-libslang.c:1:10: error: 'slang.h' file not found [clang-diagnostic-error]
/home/runner/work/android_kernel_mt8163/android_kernel_mt8163/kernel/alps/tb8163p3_bsp/drivers/media/dvb-frontends/stv0900.h:30:10: error: 'dvb_frontend.h' file not found [clang-diagnostic-error]
/home/runner/work/android_kernel_mt8163/android_kernel_mt8163/kernel/alps/tb8163p3_bsp/drivers/gpu/drm/nouveau/nvkm/engine/gr/priv.h:4:10: error: 'engine/gr.h' file not found [clang-diagnostic-error]
/home/runner/work/android_kernel_mt8163/android_kernel_mt8163/kernel/alps/tb8163p3_bsp/drivers/misc/mediatek/cmdq/v2/mt8173/cmdq_mdp.c:14:10: error: 'cmdq_core.h' file not found [clang-diagnostic-error]
/home/runner/work/android_kernel_mt8163/android_kernel_mt8163/kernel/alps/tb8163p3_bsp/drivers/media/dvb-frontends/cxd2820r_priv.h:26:10: error: 'dvb_frontend.h' file not found [clang-diagnostic-error]
/home/runner/work/android_kernel_mt8163/android_kernel_mt8163/kernel/alps/tb8163p3_bsp/drivers/gpu/drm/nouveau/nvkm/engine/disp/priv.h:3:10: error: 'engine/disp.h' file not found [clang-diagnostic-error]
/home/runner/work/android_kernel_mt8163/android_kernel_mt8163/kernel/alps/tb8163p3_bsp/drivers/gpu/drm/nouveau/nvkm/subdev/therm/priv.h:27:10: error: 'subdev/therm.h' file not found [clang-diagnostic-error]
/home/runner/work/android_kernel_mt8163/android_kernel_mt8163/kernel/alps/tb8163p3_bsp/drivers/crypto/qat/qat_c62x/adf_c62x_hw_data.c:47:10: error: 'adf_accel_devices.h' file not found [clang-diagnostic-error]
/home/runner/work/android_kernel_mt8163/android_kernel_mt8163/kernel/alps/tb8163p3_bsp/drivers/gpu/drm/nouveau/nvkm/subdev/bar/priv.h:4:10: error: 'subdev/bar.h' file not found [clang-diagnostic-error]
/home/runner/work/android_kernel_mt8163/android_kernel_mt8163/kernel/alps/tb8163p3_bsp/drivers/gpu/drm/nouveau/nvkm/engine/gr/priv.h:4:10: error: 'engine/gr.h' file not found [clang-diagnostic-error]
/home/runner/work/android_kernel_mt8163/android_kernel_mt8163/kernel/alps/tb8163p3_bsp/drivers/gpu/drm/nouveau/nvkm/subdev/mmu/priv.h:4:10: error: 'subdev/mmu.h' file not found [clang-diagnostic-error]
/home/runner/work/android_kernel_mt8163/android_kernel_mt8163/kernel/alps/tb8163p3_bsp/tools/perf/arch/x86/tests/arch-tests.c:2:10: error: 'tests/tests.h' file not found [clang-diagnostic-error]
/home/runner/work/android_kernel_mt8163/android_kernel_mt8163/kernel/alps/tb8163p3_bsp/fs/xfs/libxfs/xfs_btree.c:18:10: error: 'xfs.h' file not found [clang-diagnostic-error]
/home/runner/work/android_kernel_mt8163/android_kernel_mt8163/kernel/alps/tb8163p3_bsp/drivers/gpu/drm/nouveau/nvkm/engine/disp/priv.h:3:10: error: 'engine/disp.h' file not found [clang-diagnostic-error]
/home/runner/work/android_kernel_mt8163/android_kernel_mt8163/kernel/alps/tb8163p3_bsp/fs/xfs/xfs_linux.h:41:10: error: 'xfs_types.h' file not found [clang-diagnostic-error]
/home/runner/work/android_kernel_mt8163/android_kernel_mt8163/kernel/alps/tb8163p3_bsp/drivers/gpu/drm/nouveau/nvkm/engine/disp/priv.h:3:10: error: 'engine/disp.h' file not found [clang-diagnostic-error]
/home/runner/work/android_kernel_mt8163/android_kernel_mt8163/kernel/alps/tb8163p3_bsp/drivers/gpu/drm/nouveau/nvkm/engine/disp/priv.h:3:10: error: 'engine/disp.h' file not found [clang-diagnostic-error]
/home/runner/work/android_kernel_mt8163/android_kernel_mt8163/kernel/alps/tb8163p3_bsp/drivers/misc/mediatek/sensors-1.0/sensorfusion/uncali_gyrohub/uncali_gyrohub.c:19:10: error: 'fusion.h' file not found [clang-diagnostic-error]
/home/runner/work/android_kernel_mt8163/android_kernel_mt8163/kernel/alps/tb8163p3_bsp/drivers/gpu/drm/nouveau/nvkm/subdev/mmu/priv.h:4:10: error: 'subdev/mmu.h' file not found [clang-diagnostic-error]
/home/runner/work/android_kernel_mt8163/android_kernel_mt8163/kernel/alps/tb8163p3_bsp/drivers/gpu/drm/nouveau/nvkm/subdev/secboot/priv.h:26:10: error: 'subdev/secboot.h' file not found [clang-diagnostic-error]
/home/runner/work/android_kernel_mt8163/android_kernel_mt8163/kernel/alps/tb8163p3_bsp/drivers/gpu/drm/nouveau/nvkm/engine/disp/priv.h:3:10: error: 'engine/disp.h' file not found [clang-diagnostic-error]
/home/runner/work/android_kernel_mt8163/android_kernel_mt8163/kernel/alps/tb8163p3_bsp/fs/xfs/libxfs/xfs_rtbitmap.c:18:10: error: 'xfs.h' file not found [clang-diagnostic-error]
/home/runner/work/android_kernel_mt8163/android_kernel_mt8163/kernel/alps/tb8163p3_bsp/drivers/gpu/drm/nouveau/nvkm/subdev/secboot/priv.h:26:10: error: 'subdev/secboot.h' file not found [clang-diagnostic-error]
/home/runner/work/android_kernel_mt8163/android_kernel_mt8163/kernel/alps/tb8163p3_bsp/drivers/gpu/drm/nouveau/nvkm/engine/fifo/priv.h:4:10: error: 'engine/fifo.h' file not found [clang-diagnostic-error]
/home/runner/work/android_kernel_mt8163/android_kernel_mt8163/kernel/alps/tb8163p3_bsp/drivers/gpu/drm/msm/mdp/mdp_format.c:20:10: error: 'msm_drv.h' file not found [clang-diagnostic-error]
/home/runner/work/android_kernel_mt8163/android_kernel_mt8163/kernel/alps/tb8163p3_bsp/drivers/gpu/drm/nouveau/nvkm/subdev/bios/extdev.c:24:10: error: 'subdev/bios.h' file not found [clang-diagnostic-error]
/home/runner/work/android_kernel_mt8163/android_kernel_mt8163/kernel/alps/tb8163p3_bsp/drivers/gpu/drm/nouveau/nvkm/subdev/i2c/priv.h:4:10: error: 'subdev/i2c.h' file not found [clang-diagnostic-error]
/home/runner/work/android_kernel_mt8163/android_kernel_mt8163/kernel/alps/tb8163p3_bsp/drivers/gpu/drm/nouveau/nvkm/engine/sw/priv.h:4:10: error: 'engine/sw.h' file not found [clang-diagnostic-error]
/home/runner/work/android_kernel_mt8163/android_kernel_mt8163/kernel/alps/tb8163p3_bsp/drivers/misc/mediatek/connectivity/common/common_detect/drv_init/common_drv_init.c:20:10: error: 'wmt_detect.h' file not found [clang-diagnostic-error]
/home/runner/work/android_kernel_mt8163/android_kernel_mt8163/kernel/alps/tb8163p3_bsp/fs/xfs/libxfs/xfs_attr_leaf.c:19:10: error: 'xfs.h' file not found [clang-diagnostic-error]
/home/runner/work/android_kernel_mt8163/android_kernel_mt8163/kernel/alps/tb8163p3_bsp/scripts/gcc-plugins/gcc-common.h:4:10: error: 'bversion.h' file not found [clang-diagnostic-error]
/home/runner/work/android_kernel_mt8163/android_kernel_mt8163/kernel/alps/tb8163p3_bsp/tools/testing/selftests/powerpc/alignment/copy_first_unaligned.c:16:10: error: 'utils.h' file not found [clang-diagnostic-error]
/home/runner/work/android_kernel_mt8163/android_kernel_mt8163/kernel/alps/tb8163p3_bsp/drivers/gpu/drm/nouveau/nvkm/subdev/bios/pll.c:24:10: error: 'subdev/bios.h' file not found [clang-diagnostic-error]
/home/runner/work/android_kernel_mt8163/android_kernel_mt8163/kernel/alps/tb8163p3_bsp/drivers/gpu/drm/nouveau/nvkm/core/oproxy.c:24:10: error: 'core/oproxy.h' file not found [clang-diagnostic-error]
/home/runner/work/android_kernel_mt8163/android_kernel_mt8163/kernel/alps/tb8163p3_bsp/drivers/gpu/drm/msm/mdp/mdp5/mdp5_kms.h:21:10: error: 'msm_drv.h' file not found [clang-diagnostic-error]
/home/runner/work/android_kernel_mt8163/android_kernel_mt8163/kernel/alps/tb8163p3_bsp/drivers/gpu/drm/nouveau/nvkm/subdev/fb/priv.h:4:10: error: 'subdev/fb.h' file not found [clang-diagnostic-error]
/home/runner/work/android_kernel_mt8163/android_kernel_mt8163/kernel/alps/tb8163p3_bsp/drivers/gpu/drm/nouveau/nvkm/subdev/fb/priv.h:4:10: error: 'subdev/fb.h' file not found [clang-diagnostic-error]
/home/runner/work/android_kernel_mt8163/android_kernel_mt8163/kernel/alps/tb8163p3_bsp/drivers/gpu/drm/nouveau/nvkm/subdev/clk/priv.h:4:10: error: 'subdev/clk.h' file not found [clang-diagnostic-error]
/home/runner/work/android_kernel_mt8163/android_kernel_mt8163/kernel/alps/tb8163p3_bsp/drivers/gpu/drm/nouveau/nvkm/subdev/fb/priv.h:4:10: error: 'subdev/fb.h' file not found [clang-diagnostic-error]
/home/runner/work/android_kernel_mt8163/android_kernel_mt8163/kernel/alps/tb8163p3_bsp/drivers/gpu/drm/nouveau/nvkm/subdev/bios/dcb.c:24:10: error: 'subdev/bios.h' file not found [clang-diagnostic-error]
/home/runner/work/android_kernel_mt8163/android_kernel_mt8163/kernel/alps/tb8163p3_bsp/lib/xz/xz_private.h:50:11: error: 'xz_config.h' file not found [clang-diagnostic-error]
/home/runner/work/android_kernel_mt8163/android_kernel_mt8163/kernel/alps/tb8163p3_bsp/drivers/gpu/drm/nouveau/nvkm/engine/gr/priv.h:4:10: error: 'engine/gr.h' file not found [clang-diagnostic-error]
/home/runner/work/android_kernel_mt8163/android_kernel_mt8163/kernel/alps/tb8163p3_bsp/drivers/gpu/drm/nouveau/nvkm/subdev/bios/boost.c:24:10: error: 'subdev/bios.h' file not found [clang-diagnostic-error]
/home/runner/work/android_kernel_mt8163/android_kernel_mt8163/kernel/alps/tb8163p3_bsp/tools/usb/usbip/src/usbip_bind.c:19:10: error: 'libudev.h' file not found [clang-diagnostic-error]
/home/runner/work/android_kernel_mt8163/android_kernel_mt8163/kernel/alps/tb8163p3_bsp/drivers/media/dvb-frontends/cxd2820r_priv.h:26:10: error: 'dvb_frontend.h' file not found [clang-diagnostic-error]
/home/runner/work/android_kernel_mt8163/android_kernel_mt8163/kernel/alps/tb8163p3_bsp/drivers/gpu/drm/nouveau/nvkm/engine/fifo/priv.h:4:10: error: 'engine/fifo.h' file not found [clang-diagnostic-error]
/home/runner/work/android_kernel_mt8163/android_kernel_mt8163/kernel/alps/tb8163p3_bsp/drivers/net/fddi/skfp/h/targethw.h:30:10: error: 'fplus.h' file not found [clang-diagnostic-error]
/home/runner/work/android_kernel_mt8163/android_kernel_mt8163/kernel/alps/tb8163p3_bsp/drivers/gpu/drm/nouveau/nvkm/subdev/ibus/gk20a.c:22:10: error: 'subdev/ibus.h' file not found [clang-diagnostic-error]
/home/runner/work/android_kernel_mt8163/android_kernel_mt8163/kernel/alps/tb8163p3_bsp/drivers/gpu/drm/nouveau/nvkm/engine/dma/priv.h:4:10: error: 'engine/dma.h' file not found [clang-diagnostic-error]
/home/runner/work/android_kernel_mt8163/android_kernel_mt8163/kernel/alps/tb8163p3_bsp/drivers/gpu/drm/nouveau/nvkm/engine/dma/priv.h:4:10: error: 'engine/dma.h' file not found [clang-diagnostic-error]
/home/runner/work/android_kernel_mt8163/android_kernel_mt8163/kernel/alps/tb8163p3_bsp/fs/xfs/xfs_linux.h:41:10: error: 'xfs_types.h' file not found [clang-diagnostic-error]
/home/runner/work/android_kernel_mt8163/android_kernel_mt8163/kernel/alps/tb8163p3_bsp/drivers/misc/mediatek/typec/tcpc/inc/pd_dpm_pdo_select.h:17:10: error: 'inc/tcpci.h' file not found [clang-diagnostic-error]
/home/runner/work/android_kernel_mt8163/android_kernel_mt8163/kernel/alps/tb8163p3_bsp/drivers/gpu/drm/nouveau/nvkm/subdev/clk/priv.h:4:10: error: 'subdev/clk.h' file not found [clang-diagnostic-error]
/home/runner/work/android_kernel_mt8163/android_kernel_mt8163/kernel/alps/tb8163p3_bsp/arch/mips/loongson32/common/prom.c:15:10: error: 'loongson1.h' file not found [clang-diagnostic-error]
/home/runner/work/android_kernel_mt8163/android_kernel_mt8163/kernel/alps/tb8163p3_bsp/drivers/gpu/drm/nouveau/nvkm/engine/disp/priv.h:3:10: error: 'engine/disp.h' file not found [clang-diagnostic-error]
/home/runner/work/android_kernel_mt8163/android_kernel_mt8163/kernel/alps/tb8163p3_bsp/drivers/gpu/drm/nouveau/nvkm/subdev/fb/priv.h:4:10: error: 'subdev/fb.h' file not found [clang-diagnostic-error]
/home/runner/work/android_kernel_mt8163/android_kernel_mt8163/kernel/alps/tb8163p3_bsp/drivers/gpu/drm/nouveau/nvkm/subdev/timer/priv.h:4:10: error: 'subdev/timer.h' file not found [clang-diagnostic-error]
/home/runner/work/android_kernel_mt8163/android_kernel_mt8163/kernel/alps/tb8163p3_bsp/drivers/gpu/drm/nouveau/nvkm/engine/fifo/priv.h:4:10: error: 'engine/fifo.h' file not found [clang-diagnostic-error]
/home/runner/work/android_kernel_mt8163/android_kernel_mt8163/kernel/alps/tb8163p3_bsp/drivers/media/usb/dvb-usb-v2/mxl111sf-tuner.h:24:10: error: 'dvb_frontend.h' file not found [clang-diagnostic-error]
/home/runner/work/android_kernel_mt8163/android_kernel_mt8163/kernel/alps/tb8163p3_bsp/drivers/gpu/drm/nouveau/nvkm/subdev/bios/vmap.c:24:10: error: 'subdev/bios.h' file not found [clang-diagnostic-error]
/home/runner/work/android_kernel_mt8163/android_kernel_mt8163/kernel/alps/tb8163p3_bsp/tools/build/feature/test-libperl.c:1:10: error: 'EXTERN.h' file not found [clang-diagnostic-error]
/home/runner/work/android_kernel_mt8163/android_kernel_mt8163/kernel/alps/tb8163p3_bsp/drivers/misc/mediatek/masp/asfv2/mach/hacc_hk.c:14:10: error: 'sec_hal.h' file not found [clang-diagnostic-error]
/home/runner/work/android_kernel_mt8163/android_kernel_mt8163/kernel/alps/tb8163p3_bsp/drivers/gpu/drm/nouveau/nvkm/engine/xtensa.c:22:10: error: 'engine/xtensa.h' file not found [clang-diagnostic-error]
/home/runner/work/android_kernel_mt8163/android_kernel_mt8163/kernel/alps/tb8163p3_bsp/drivers/gpu/drm/nouveau/nvkm/subdev/fb/priv.h:4:10: error: 'subdev/fb.h' file not found [clang-diagnostic-error]
/home/runner/work/android_kernel_mt8163/android_kernel_mt8163/kernel/alps/tb8163p3_bsp/scripts/dtc/libfdt/fdt_wip.c:53:10: error: 'fdt.h' file not found with <angled> include; use "quotes" instead [clang-diagnostic-error]
/home/runner/work/android_kernel_mt8163/android_kernel_mt8163/kernel/alps/tb8163p3_bsp/scripts/dtc/libfdt/libfdt_internal.h:53:10: error: 'fdt.h' file not found with <angled> include; use "quotes" instead [clang-diagnostic-error]
/home/runner/work/android_kernel_mt8163/android_kernel_mt8163/kernel/alps/tb8163p3_bsp/fs/xfs/xfs_linux.h:41:10: error: 'xfs_types.h' file not found [clang-diagnostic-error]
/home/runner/work/android_kernel_mt8163/android_kernel_mt8163/kernel/alps/tb8163p3_bsp/drivers/gpu/drm/nouveau/nvkm/subdev/i2c/priv.h:4:10: error: 'subdev/i2c.h' file not found [clang-diagnostic-error]
/home/runner/work/android_kernel_mt8163/android_kernel_mt8163/kernel/alps/tb8163p3_bsp/drivers/media/dvb-frontends/cxd2820r_priv.h:26:10: error: 'dvb_frontend.h' file not found [clang-diagnostic-error]
/home/runner/work/android_kernel_mt8163/android_kernel_mt8163/kernel/alps/tb8163p3_bsp/drivers/gpu/drm/nouveau/nvkm/engine/disp/priv.h:3:10: error: 'engine/disp.h' file not found [clang-diagnostic-error]
/home/runner/work/android_kernel_mt8163/android_kernel_mt8163/kernel/alps/tb8163p3_bsp/drivers/misc/mediatek/power/mt8163/pmic_chr_type_det.c:14:10: error: 'generated/autoconf.h' file not found [clang-diagnostic-error]
/home/runner/work/android_kernel_mt8163/android_kernel_mt8163/kernel/alps/tb8163p3_bsp/tools/build/feature/test-libbabeltrace.c:2:10: error: 'babeltrace/ctf-writer/writer.h' file not found [clang-diagnostic-error]
/home/runner/work/android_kernel_mt8163/android_kernel_mt8163/kernel/alps/tb8163p3_bsp/drivers/gpu/drm/nouveau/nvkm/subdev/fb/priv.h:4:10: error: 'subdev/fb.h' file not found [clang-diagnostic-error]
/home/runner/work/android_kernel_mt8163/android_kernel_mt8163/kernel/alps/tb8163p3_bsp/drivers/gpu/drm/nouveau/nvkm/subdev/pci/priv.h:4:10: error: 'subdev/pci.h' file not found [clang-diagnostic-error]
/home/runner/work/android_kernel_mt8163/android_kernel_mt8163/kernel/alps/tb8163p3_bsp/arch/mips/loongson64/common/cs5536/cs5536_ehci.c:16:10: error: 'cs5536/cs5536.h' file not found [clang-diagnostic-error]
/home/runner/work/android_kernel_mt8163/android_kernel_mt8163/kernel/alps/tb8163p3_bsp/fs/jbd2/revoke.c:84:10: error: 'jfs_user.h' file not found [clang-diagnostic-error]
/home/runner/work/android_kernel_mt8163/android_kernel_mt8163/kernel/alps/tb8163p3_bsp/fs/xfs/xfs_linux.h:41:10: error: 'xfs_types.h' file not found [clang-diagnostic-error]
/home/runner/work/android_kernel_mt8163/android_kernel_mt8163/kernel/alps/tb8163p3_bsp/drivers/gpu/drm/nouveau/nvkm/subdev/mc/priv.h:4:10: error: 'subdev/mc.h' file not found [clang-diagnostic-error]
/home/runner/work/android_kernel_mt8163/android_kernel_mt8163/kernel/alps/tb8163p3_bsp/drivers/media/tuners/tua9001.h:20:10: error: 'dvb_frontend.h' file not found [clang-diagnostic-error]
/home/runner/work/android_kernel_mt8163/android_kernel_mt8163/kernel/alps/tb8163p3_bsp/drivers/gpu/drm/nouveau/nvkm/engine/gr/priv.h:4:10: error: 'engine/gr.h' file not found [clang-diagnostic-error]
/home/runner/work/android_kernel_mt8163/android_kernel_mt8163/kernel/alps/tb8163p3_bsp/tools/build/feature/test-lzma.c:1:10: error: 'lzma.h' file not found [clang-diagnostic-error]
/home/runner/work/android_kernel_mt8163/android_kernel_mt8163/kernel/alps/tb8163p3_bsp/drivers/gpu/drm/nouveau/nvkm/engine/msppp/priv.h:3:10: error: 'engine/msppp.h' file not found [clang-diagnostic-error]
/home/runner/work/android_kernel_mt8163/android_kernel_mt8163/kernel/alps/tb8163p3_bsp/init/version.c:9:10: error: 'generated/compile.h' file not found [clang-diagnostic-error]
/home/runner/work/android_kernel_mt8163/android_kernel_mt8163/kernel/alps/tb8163p3_bsp/drivers/gpu/drm/nouveau/nvkm/engine/msppp/priv.h:3:10: error: 'engine/msppp.h' file not found [clang-diagnostic-error]
/home/runner/work/android_kernel_mt8163/android_kernel_mt8163/kernel/alps/tb8163p3_bsp/drivers/gpu/drm/nouveau/nvkm/subdev/fb/priv.h:4:10: error: 'subdev/fb.h' file not found [clang-diagnostic-error]
/home/runner/work/android_kernel_mt8163/android_kernel_mt8163/kernel/alps/tb8163p3_bsp/drivers/misc/mediatek/connectivity/common/common_detect/drv_init/fm_drv_init.c:20:10: error: 'wmt_detect.h' file not found [clang-diagnostic-error]
/home/runner/work/android_kernel_mt8163/android_kernel_mt8163/kernel/alps/tb8163p3_bsp/fs/xfs/xfs_linux.h:41:10: error: 'xfs_types.h' file not found [clang-diagnostic-error]
/home/runner/work/android_kernel_mt8163/android_kernel_mt8163/kernel/alps/tb8163p3_bsp/fs/xfs/xfs_linux.h:41:10: error: 'xfs_types.h' file not found [clang-diagnostic-error]
/home/runner/work/android_kernel_mt8163/android_kernel_mt8163/kernel/alps/tb8163p3_bsp/drivers/gpu/drm/nouveau/nvkm/subdev/fb/priv.h:4:10: error: 'subdev/fb.h' file not found [clang-diagnostic-error]
/home/runner/work/android_kernel_mt8163/android_kernel_mt8163/kernel/alps/tb8163p3_bsp/drivers/gpu/drm/nouveau/nvkm/engine/fifo/priv.h:4:10: error: 'engine/fifo.h' file not found [clang-diagnostic-error]
/home/runner/work/android_kernel_mt8163/android_kernel_mt8163/kernel/alps/tb8163p3_bsp/drivers/net/wireless/intel/iwlwifi/dvm/devices.c:30:10: error: 'iwl-io.h' file not found [clang-diagnostic-error]
/home/runner/work/android_kernel_mt8163/android_kernel_mt8163/kernel/alps/tb8163p3_bsp/arch/powerpc/platforms/cell/spufs/spu_restore.c:35:10: error: 'spu_intrinsics.h' file not found [clang-diagnostic-error]
/home/runner/work/android_kernel_mt8163/android_kernel_mt8163/kernel/alps/tb8163p3_bsp/drivers/gpu/drm/nouveau/nvkm/engine/disp/priv.h:3:10: error: 'engine/disp.h' file not found [clang-diagnostic-error]
/home/runner/work/android_kernel_mt8163/android_kernel_mt8163/kernel/alps/tb8163p3_bsp/drivers/gpu/drm/nouveau/nvkm/subdev/mc/priv.h:4:10: error: 'subdev/mc.h' file not found [clang-diagnostic-error]
/home/runner/work/android_kernel_mt8163/android_kernel_mt8163/kernel/alps/tb8163p3_bsp/drivers/gpu/drm/nouveau/nvkm/subdev/fb/priv.h:4:10: error: 'subdev/fb.h' file not found [clang-diagnostic-error]
/home/runner/work/android_kernel_mt8163/android_kernel_mt8163/kernel/alps/tb8163p3_bsp/arch/sh/include/asm/asm-offsets.h:1:10: error: 'generated/asm-offsets.h' file not found [clang-diagnostic-error]
/home/runner/work/android_kernel_mt8163/android_kernel_mt8163/kernel/alps/tb8163p3_bsp/net/ceph/crush/mapper.c:21:11: error: 'crush_compat.h' file not found [clang-diagnostic-error]
/home/runner/work/android_kernel_mt8163/android_kernel_mt8163/kernel/alps/tb8163p3_bsp/tools/perf/util/parse-regs-options.c:2:10: error: 'util/util.h' file not found [clang-diagnostic-error]
/home/runner/work/android_kernel_mt8163/android_kernel_mt8163/kernel/alps/tb8163p3_bsp/drivers/gpu/drm/nouveau/nvkm/subdev/pci/priv.h:4:10: error: 'subdev/pci.h' file not found [clang-diagnostic-error]
/home/runner/work/android_kernel_mt8163/android_kernel_mt8163/kernel/alps/tb8163p3_bsp/drivers/gpu/drm/nouveau/nvkm/engine/disp/priv.h:3:10: error: 'engine/disp.h' file not found [clang-diagnostic-error]
/home/runner/work/android_kernel_mt8163/android_kernel_mt8163/kernel/alps/tb8163p3_bsp/drivers/gpu/drm/nouveau/nvkm/engine/dma/priv.h:4:10: error: 'engine/dma.h' file not found [clang-diagnostic-error]
/home/runner/work/android_kernel_mt8163/android_kernel_mt8163/kernel/alps/tb8163p3_bsp/tools/build/feature/test-libelf-getphdrnum.c:1:10: error: 'libelf.h' file not found [clang-diagnostic-error]
/home/runner/work/android_kernel_mt8163/android_kernel_mt8163/kernel/alps/tb8163p3_bsp/tools/usb/usbip/src/usbip_port.c:16:10: error: 'vhci_driver.h' file not found [clang-diagnostic-error]
/home/runner/work/android_kernel_mt8163/android_kernel_mt8163/kernel/alps/tb8163p3_bsp/fs/xfs/xfs_linux.h:41:10: error: 'xfs_types.h' file not found [clang-diagnostic-error]
/home/runner/work/android_kernel_mt8163/android_kernel_mt8163/kernel/alps/tb8163p3_bsp/drivers/media/dvb-frontends/atbm8830.c:23:10: error: 'dvb_frontend.h' file not found [clang-diagnostic-error]
/home/runner/work/android_kernel_mt8163/android_kernel_mt8163/kernel/alps/tb8163p3_bsp/drivers/gpu/drm/nouveau/nvkm/subdev/fb/priv.h:4:10: error: 'subdev/fb.h' file not found [clang-diagnostic-error]
/home/runner/work/android_kernel_mt8163/android_kernel_mt8163/kernel/alps/tb8163p3_bsp/drivers/gpu/drm/nouveau/nvkm/subdev/volt/priv.h:4:10: error: 'subdev/volt.h' file not found [clang-diagnostic-error]
/home/runner/work/android_kernel_mt8163/android_kernel_mt8163/kernel/alps/tb8163p3_bsp/drivers/gpu/drm/nouveau/nvkm/engine/gr/priv.h:4:10: error: 'engine/gr.h' file not found [clang-diagnostic-error]
/home/runner/work/android_kernel_mt8163/android_kernel_mt8163/kernel/alps/tb8163p3_bsp/drivers/misc/mediatek/video/mt8163/dispsys/ddp_debug.c:16:10: error: 'disp_assert_layer.h' file not found [clang-diagnostic-error]
/home/runner/work/android_kernel_mt8163/android_kernel_mt8163/kernel/alps/tb8163p3_bsp/drivers/gpu/drm/nouveau/nvkm/engine/disp/priv.h:3:10: error: 'engine/disp.h' file not found [clang-diagnostic-error]
/home/runner/work/android_kernel_mt8163/android_kernel_mt8163/kernel/alps/tb8163p3_bsp/drivers/gpu/drm/nouveau/nvkm/subdev/ltc/priv.h:4:10: error: 'subdev/ltc.h' file not found [clang-diagnostic-error]
/home/runner/work/android_kernel_mt8163/android_kernel_mt8163/kernel/alps/tb8163p3_bsp/fs/xfs/libxfs/xfs_rmap_btree.c:18:10: error: 'xfs.h' file not found [clang-diagnostic-error]
/home/runner/work/android_kernel_mt8163/android_kernel_mt8163/kernel/alps/tb8163p3_bsp/tools/build/feature/test-libaudit.c:1:10: error: 'libaudit.h' file not found [clang-diagnostic-error]
/home/runner/work/android_kernel_mt8163/android_kernel_mt8163/kernel/alps/tb8163p3_bsp/drivers/media/dvb-frontends/ts2020.c:22:10: error: 'dvb_frontend.h' file not found [clang-diagnostic-error]
/home/runner/work/android_kernel_mt8163/android_kernel_mt8163/kernel/alps/tb8163p3_bsp/drivers/gpu/drm/nouveau/nvkm/subdev/gpio/priv.h:4:10: error: 'subdev/gpio.h' file not found [clang-diagnostic-error]
/home/runner/work/android_kernel_mt8163/android_kernel_mt8163/kernel/alps/tb8163p3_bsp/drivers/media/platform/mtk-vcodec/venc_vcu_if.c:16:10: error: 'mtk_vcu.h' file not found [clang-diagnostic-error]
/home/runner/work/android_kernel_mt8163/android_kernel_mt8163/kernel/alps/tb8163p3_bsp/drivers/gpu/drm/nouveau/nvkm/engine/disp/priv.h:3:10: error: 'engine/disp.h' file not found [clang-diagnostic-error]
/home/runner/work/android_kernel_mt8163/android_kernel_mt8163/kernel/alps/tb8163p3_bsp/drivers/gpu/drm/nouveau/nvkm/subdev/i2c/priv.h:4:10: error: 'subdev/i2c.h' file not found [clang-diagnostic-error]
/home/runner/work/android_kernel_mt8163/android_kernel_mt8163/kernel/alps/tb8163p3_bsp/drivers/gpu/drm/nouveau/nvkm/subdev/fuse/priv.h:4:10: error: 'subdev/fuse.h' file not found [clang-diagnostic-error]
/home/runner/work/android_kernel_mt8163/android_kernel_mt8163/kernel/alps/tb8163p3_bsp/drivers/misc/mediatek/btif/common/btif_plat.c:21:10: error: 'btif_pub.h' file not found [clang-diagnostic-error]
/home/runner/work/android_kernel_mt8163/android_kernel_mt8163/kernel/alps/tb8163p3_bsp/fs/xfs/libxfs/xfs_dir2_sf.c:18:10: error: 'xfs.h' file not found [clang-diagnostic-error]
/home/runner/work/android_kernel_mt8163/android_kernel_mt8163/kernel/alps/tb8163p3_bsp/drivers/gpu/drm/nouveau/nvkm/subdev/devinit/priv.h:4:10: error: 'subdev/devinit.h' file not found [clang-diagnostic-error]
/home/runner/work/android_kernel_mt8163/android_kernel_mt8163/kernel/alps/tb8163p3_bsp/drivers/gpu/drm/msm/mdp/mdp4/mdp4_kms.h:21:10: error: 'msm_drv.h' file not found [clang-diagnostic-error]
/home/runner/work/android_kernel_mt8163/android_kernel_mt8163/kernel/alps/tb8163p3_bsp/drivers/gpu/drm/nouveau/nvkm/engine/fifo/priv.h:4:10: error: 'engine/fifo.h' file not found [clang-diagnostic-error]
/home/runner/work/android_kernel_mt8163/android_kernel_mt8163/kernel/alps/tb8163p3_bsp/drivers/misc/mediatek/video/mt8163/dispsys/ddp_drv.c:16:10: error: 'generated/autoconf.h' file not found [clang-diagnostic-error]
/home/runner/work/android_kernel_mt8163/android_kernel_mt8163/kernel/alps/tb8163p3_bsp/drivers/gpu/drm/nouveau/nvkm/subdev/devinit/priv.h:4:10: error: 'subdev/devinit.h' file not found [clang-diagnostic-error]
/home/runner/work/android_kernel_mt8163/android_kernel_mt8163/kernel/alps/tb8163p3_bsp/fs/xfs/xfs_linux.h:41:10: error: 'xfs_types.h' file not found [clang-diagnostic-error]
/home/runner/work/android_kernel_mt8163/android_kernel_mt8163/kernel/alps/tb8163p3_bsp/drivers/media/usb/gspca/gl860/gl860.h:22:10: error: 'gspca.h' file not found [clang-diagnostic-error]
/home/runner/work/android_kernel_mt8163/android_kernel_mt8163/kernel/alps/tb8163p3_bsp/drivers/gpu/drm/nouveau/nvkm/subdev/fb/priv.h:4:10: error: 'subdev/fb.h' file not found [clang-diagnostic-error]
/home/runner/work/android_kernel_mt8163/android_kernel_mt8163/kernel/alps/tb8163p3_bsp/tools/perf/tests/hists_filter.c:2:10: error: 'util/debug.h' file not found [clang-diagnostic-error]
/home/runner/work/android_kernel_mt8163/android_kernel_mt8163/kernel/alps/tb8163p3_bsp/drivers/misc/mediatek/videocodec/mt8163/common/val/src/val.c:37:10: error: 'val_api_private.h' file not found [clang-diagnostic-error]
/home/runner/work/android_kernel_mt8163/android_kernel_mt8163/kernel/alps/tb8163p3_bsp/drivers/gpu/drm/nouveau/nvkm/subdev/top/priv.h:4:10: error: 'subdev/top.h' file not found [clang-diagnostic-error]
/home/runner/work/android_kernel_mt8163/android_kernel_mt8163/kernel/alps/tb8163p3_bsp/drivers/gpu/drm/nouveau/nvkm/subdev/ibus/priv.h:4:10: error: 'subdev/ibus.h' file not found [clang-diagnostic-error]
/home/runner/work/android_kernel_mt8163/android_kernel_mt8163/kernel/alps/tb8163p3_bsp/arch/um/kernel/umid.c:8:10: error: 'kern.h' file not found [clang-diagnostic-error]
/home/runner/work/android_kernel_mt8163/android_kernel_mt8163/kernel/alps/tb8163p3_bsp/drivers/misc/mediatek/sensors-1.0/sensorfusion/gmagrotvechub/gmagrotvechub.c:20:10: error: 'fusion.h' file not found [clang-diagnostic-error]
/home/runner/work/android_kernel_mt8163/android_kernel_mt8163/kernel/alps/tb8163p3_bsp/arch/um/os-Linux/skas/mem.c:12:10: error: 'as-layout.h' file not found [clang-diagnostic-error]
/home/runner/work/android_kernel_mt8163/android_kernel_mt8163/kernel/alps/tb8163p3_bsp/tools/build/feature/test-libunwind-debug-frame.c:1:10: error: 'libunwind.h' file not found [clang-diagnostic-error]
/home/runner/work/android_kernel_mt8163/android_kernel_mt8163/kernel/alps/tb8163p3_bsp/drivers/misc/mediatek/videocodec/mt8163/common/hal/src/hal.c:14:10: error: 'hal_api.h' file not found [clang-diagnostic-error]
/home/runner/work/android_kernel_mt8163/android_kernel_mt8163/kernel/alps/tb8163p3_bsp/fs/xfs/libxfs/xfs_bmap_btree.c:18:10: error: 'xfs.h' file not found [clang-diagnostic-error]
/home/runner/work/android_kernel_mt8163/android_kernel_mt8163/kernel/alps/tb8163p3_bsp/sound/soc/mediatek/common_int/mtk-soc-pcm-dl1-awb.c:50:10: error: 'mtk-auddrv-afe.h' file not found [clang-diagnostic-error]
/home/runner/work/android_kernel_mt8163/android_kernel_mt8163/kernel/alps/tb8163p3_bsp/drivers/gpu/drm/nouveau/nvkm/engine/device/priv.h:3:10: error: 'core/device.h' file not found [clang-diagnostic-error]
/home/runner/work/android_kernel_mt8163/android_kernel_mt8163/kernel/alps/tb8163p3_bsp/drivers/gpu/drm/nouveau/nvkm/subdev/fb/priv.h:4:10: error: 'subdev/fb.h' file not found [clang-diagnostic-error]
/home/runner/work/android_kernel_mt8163/android_kernel_mt8163/kernel/alps/tb8163p3_bsp/fs/xfs/libxfs/xfs_ialloc_btree.c:18:10: error: 'xfs.h' file not found [clang-diagnostic-error]
/home/runner/work/android_kernel_mt8163/android_kernel_mt8163/kernel/alps/tb8163p3_bsp/drivers/gpu/drm/nouveau/nvkm/subdev/fuse/priv.h:4:10: error: 'subdev/fuse.h' file not found [clang-diagnostic-error]
/home/runner/work/android_kernel_mt8163/android_kernel_mt8163/kernel/alps/tb8163p3_bsp/arch/cris/arch-v32/mach-a3/arbiter.c:39:10: error: 'hwregs/reg_rdwr.h' file not found [clang-diagnostic-error]
/home/runner/work/android_kernel_mt8163/android_kernel_mt8163/kernel/alps/tb8163p3_bsp/drivers/misc/mediatek/video/mt8163/dispsys/ddp_aal.c:14:10: error: 'mtk_leds_drv.h' file not found [clang-diagnostic-error]
/home/runner/work/android_kernel_mt8163/android_kernel_mt8163/kernel/alps/tb8163p3_bsp/arch/x86/um/sys_call_table_64.c:9:10: error: 'generated/user_constants.h' file not found [clang-diagnostic-error]
/home/runner/work/android_kernel_mt8163/android_kernel_mt8163/kernel/alps/tb8163p3_bsp/fs/xfs/xfs_linux.h:41:10: error: 'xfs_types.h' file not found [clang-diagnostic-error]
/home/runner/work/android_kernel_mt8163/android_kernel_mt8163/kernel/alps/tb8163p3_bsp/drivers/gpu/drm/nouveau/nvkm/engine/fifo/priv.h:4:10: error: 'engine/fifo.h' file not found [clang-diagnostic-error]
/home/runner/work/android_kernel_mt8163/android_kernel_mt8163/kernel/alps/tb8163p3_bsp/drivers/gpu/drm/nouveau/nvkm/engine/fifo/priv.h:4:10: error: 'engine/fifo.h' file not found [clang-diagnostic-error]
/home/runner/work/android_kernel_mt8163/android_kernel_mt8163/kernel/alps/tb8163p3_bsp/drivers/gpu/drm/nouveau/nvkm/engine/disp/priv.h:3:10: error: 'engine/disp.h' file not found [clang-diagnostic-error]
/home/runner/work/android_kernel_mt8163/android_kernel_mt8163/kernel/alps/tb8163p3_bsp/drivers/gpu/drm/nouveau/nvkm/subdev/pci/priv.h:4:10: error: 'subdev/pci.h' file not found [clang-diagnostic-error]
/home/runner/work/android_kernel_mt8163/android_kernel_mt8163/kernel/alps/tb8163p3_bsp/drivers/gpu/drm/nouveau/nvkm/subdev/therm/priv.h:27:10: error: 'subdev/therm.h' file not found [clang-diagnostic-error]
/home/runner/work/android_kernel_mt8163/android_kernel_mt8163/kernel/alps/tb8163p3_bsp/drivers/gpu/drm/nouveau/nvkm/subdev/bar/priv.h:4:10: error: 'subdev/bar.h' file not found [clang-diagnostic-error]
/home/runner/work/android_kernel_mt8163/android_kernel_mt8163/kernel/alps/tb8163p3_bsp/drivers/gpu/drm/nouveau/nvkm/engine/msppp/priv.h:3:10: error: 'engine/msppp.h' file not found [clang-diagnostic-error]
/home/runner/work/android_kernel_mt8163/android_kernel_mt8163/kernel/alps/tb8163p3_bsp/tools/perf/arch/arm/util/unwind-libunwind.c:3:10: error: 'libunwind.h' file not found [clang-diagnostic-error]
/home/runner/work/android_kernel_mt8163/android_kernel_mt8163/kernel/alps/tb8163p3_bsp/drivers/gpu/drm/nouveau/nvkm/engine/disp/priv.h:3:10: error: 'engine/disp.h' file not found [clang-diagnostic-error]
/home/runner/work/android_kernel_mt8163/android_kernel_mt8163/kernel/alps/tb8163p3_bsp/drivers/media/tuners/tda18212.h:24:10: error: 'dvb_frontend.h' file not found [clang-diagnostic-error]
/home/runner/work/android_kernel_mt8163/android_kernel_mt8163/kernel/alps/tb8163p3_bsp/drivers/misc/mediatek/connectivity/common/common_detect/drv_init/wlan_drv_init.c:20:10: error: 'wmt_detect.h' file not found [clang-diagnostic-error]
/home/runner/work/android_kernel_mt8163/android_kernel_mt8163/kernel/alps/tb8163p3_bsp/drivers/gpu/drm/nouveau/nvkm/subdev/i2c/pad.h:3:10: error: 'subdev/i2c.h' file not found [clang-diagnostic-error]
/home/runner/work/android_kernel_mt8163/android_kernel_mt8163/kernel/alps/tb8163p3_bsp/drivers/gpu/drm/nouveau/nvkm/engine/fifo/priv.h:4:10: error: 'engine/fifo.h' file not found [clang-diagnostic-error]
/home/runner/work/android_kernel_mt8163/android_kernel_mt8163/kernel/alps/tb8163p3_bsp/arch/arm/include/asm/mach-types.h:1:10: error: 'generated/mach-types.h' file not found [clang-diagnostic-error]
/home/runner/work/android_kernel_mt8163/android_kernel_mt8163/kernel/alps/tb8163p3_bsp/fs/xfs/xfs_linux.h:41:10: error: 'xfs_types.h' file not found [clang-diagnostic-error]
/home/runner/work/android_kernel_mt8163/android_kernel_mt8163/kernel/alps/tb8163p3_bsp/drivers/crypto/qat/qat_dh895xcc/adf_dh895xcc_hw_data.c:47:10: error: 'adf_accel_devices.h' file not found [clang-diagnostic-error]
/home/runner/work/android_kernel_mt8163/android_kernel_mt8163/kernel/alps/tb8163p3_bsp/fs/xfs/libxfs/xfs_trans_resv.c:19:10: error: 'xfs.h' file not found [clang-diagnostic-error]
/home/runner/work/android_kernel_mt8163/android_kernel_mt8163/kernel/alps/tb8163p3_bsp/fs/xfs/libxfs/xfs_inode_fork.c:20:10: error: 'xfs.h' file not found [clang-diagnostic-error]
/home/runner/work/android_kernel_mt8163/android_kernel_mt8163/kernel/alps/tb8163p3_bsp/drivers/gpu/drm/nouveau/nvkm/engine/fifo/priv.h:4:10: error: 'engine/fifo.h' file not found [clang-diagnostic-error]
/home/runner/work/android_kernel_mt8163/android_kernel_mt8163/kernel/alps/tb8163p3_bsp/drivers/gpu/drm/nouveau/nvkm/subdev/instmem/priv.h:4:10: error: 'subdev/instmem.h' file not found [clang-diagnostic-error]
/home/runner/work/android_kernel_mt8163/android_kernel_mt8163/kernel/alps/tb8163p3_bsp/lib/../scripts/dtc/libfdt/fdt_wip.c:53:10: error: 'fdt.h' file not found with <angled> include; use "quotes" instead [clang-diagnostic-error]
/home/runner/work/android_kernel_mt8163/android_kernel_mt8163/kernel/alps/tb8163p3_bsp/lib/../scripts/dtc/libfdt/libfdt_internal.h:53:10: error: 'fdt.h' file not found with <angled> include; use "quotes" instead [clang-diagnostic-error]
/home/runner/work/android_kernel_mt8163/android_kernel_mt8163/kernel/alps/tb8163p3_bsp/arch/mips/loongson64/common/cs5536/cs5536_ide.c:16:10: error: 'cs5536/cs5536.h' file not found [clang-diagnostic-error]
/home/runner/work/android_kernel_mt8163/android_kernel_mt8163/kernel/alps/tb8163p3_bsp/drivers/mmc/host/mediatek/ComboA/sd.c:20:10: error: 'generated/autoconf.h' file not found [clang-diagnostic-error]
/home/runner/work/android_kernel_mt8163/android_kernel_mt8163/kernel/alps/tb8163p3_bsp/drivers/misc/mediatek/video/common/wdma20/ddp_wdma.c:15:10: error: 'ddp_log.h' file not found [clang-diagnostic-error]
/home/runner/work/android_kernel_mt8163/android_kernel_mt8163/kernel/alps/tb8163p3_bsp/drivers/gpu/drm/nouveau/nvkm/engine/disp/priv.h:3:10: error: 'engine/disp.h' file not found [clang-diagnostic-error]
/home/runner/work/android_kernel_mt8163/android_kernel_mt8163/kernel/alps/tb8163p3_bsp/drivers/media/pci/ttpci/budget.h:5:10: error: 'dvb_frontend.h' file not found [clang-diagnostic-error]
/home/runner/work/android_kernel_mt8163/android_kernel_mt8163/kernel/alps/tb8163p3_bsp/drivers/gpu/drm/nouveau/nvkm/subdev/i2c/pad.h:3:10: error: 'subdev/i2c.h' file not found [clang-diagnostic-error]
/home/runner/work/android_kernel_mt8163/android_kernel_mt8163/kernel/alps/tb8163p3_bsp/drivers/gpu/drm/nouveau/nvkm/subdev/ibus/priv.h:4:10: error: 'subdev/ibus.h' file not found [clang-diagnostic-error]
/home/runner/work/android_kernel_mt8163/android_kernel_mt8163/kernel/alps/tb8163p3_bsp/tools/perf/ui/gtk/gtk.h:7:10: error: 'gtk/gtk.h' file not found [clang-diagnostic-error]
/home/runner/work/android_kernel_mt8163/android_kernel_mt8163/kernel/alps/tb8163p3_bsp/drivers/gpu/drm/nouveau/nvkm/engine/disp/priv.h:3:10: error: 'engine/disp.h' file not found [clang-diagnostic-error]
/home/runner/work/android_kernel_mt8163/android_kernel_mt8163/kernel/alps/tb8163p3_bsp/drivers/misc/mediatek/video/mt8163/videox/disp_drv_log.h:16:10: error: 'ddp_debug.h' file not found [clang-diagnostic-error]
/home/runner/work/android_kernel_mt8163/android_kernel_mt8163/kernel/alps/tb8163p3_bsp/drivers/gpu/drm/nouveau/nvkm/subdev/therm/priv.h:27:10: error: 'subdev/therm.h' file not found [clang-diagnostic-error]
/home/runner/work/android_kernel_mt8163/android_kernel_mt8163/kernel/alps/tb8163p3_bsp/drivers/media/tuners/tda18218.h:24:10: error: 'dvb_frontend.h' file not found [clang-diagnostic-error]
/home/runner/work/android_kernel_mt8163/android_kernel_mt8163/kernel/alps/tb8163p3_bsp/drivers/gpu/drm/nouveau/nvkm/engine/device/pci.c:24:10: error: 'core/pci.h' file not found [clang-diagnostic-error]
/home/runner/work/android_kernel_mt8163/android_kernel_mt8163/kernel/alps/tb8163p3_bsp/drivers/gpu/drm/nouveau/nvkm/subdev/volt/priv.h:4:10: error: 'subdev/volt.h' file not found [clang-diagnostic-error]
/home/runner/work/android_kernel_mt8163/android_kernel_mt8163/kernel/alps/tb8163p3_bsp/drivers/gpu/drm/nouveau/nvkm/engine/msvld/priv.h:3:10: error: 'engine/msvld.h' file not found [clang-diagnostic-error]
/home/runner/work/android_kernel_mt8163/android_kernel_mt8163/kernel/alps/tb8163p3_bsp/drivers/gpu/drm/nouveau/nvkm/engine/pm/priv.h:4:10: error: 'engine/pm.h' file not found [clang-diagnostic-error]
/home/runner/work/android_kernel_mt8163/android_kernel_mt8163/kernel/alps/tb8163p3_bsp/drivers/misc/mediatek/video/mt8163/videox/disp_assert_layer.c:15:10: error: 'ddp_hal.h' file not found [clang-diagnostic-error]
/home/runner/work/android_kernel_mt8163/android_kernel_mt8163/kernel/alps/tb8163p3_bsp/sound/soc/mediatek/common_int/mtk-soc-pcm-fm-i2s.c:50:10: error: 'mtk-auddrv-afe.h' file not found [clang-diagnostic-error]
/home/runner/work/android_kernel_mt8163/android_kernel_mt8163/kernel/alps/tb8163p3_bsp/tools/build/feature/test-libbfd.c:1:10: error: 'bfd.h' file not found [clang-diagnostic-error]
/home/runner/work/android_kernel_mt8163/android_kernel_mt8163/kernel/alps/tb8163p3_bsp/drivers/input/keyboard/mediatek/mt8163/hal_kpd.c:14:10: error: 'kpd.h' file not found [clang-diagnostic-error]
/home/runner/work/android_kernel_mt8163/android_kernel_mt8163/kernel/alps/tb8163p3_bsp/drivers/gpu/drm/nouveau/nvkm/engine/fifo/priv.h:4:10: error: 'engine/fifo.h' file not found [clang-diagnostic-error]
/home/runner/work/android_kernel_mt8163/android_kernel_mt8163/kernel/alps/tb8163p3_bsp/drivers/gpu/drm/nouveau/nvkm/subdev/bios/priv.h:4:10: error: 'subdev/bios.h' file not found [clang-diagnostic-error]
/home/runner/work/android_kernel_mt8163/android_kernel_mt8163/kernel/alps/tb8163p3_bsp/drivers/misc/mediatek/sensors-1.0/sensorfusion/uncali_acchub/uncali_acchub.c:19:10: error: 'fusion.h' file not found [clang-diagnostic-error]
/home/runner/work/android_kernel_mt8163/android_kernel_mt8163/kernel/alps/tb8163p3_bsp/drivers/gpu/drm/nouveau/nvkm/subdev/iccsense/priv.h:4:10: error: 'subdev/iccsense.h' file not found [clang-diagnostic-error]
/home/runner/work/android_kernel_mt8163/android_kernel_mt8163/kernel/alps/tb8163p3_bsp/drivers/misc/mediatek/masp/asfv2/mach/hacc_export.c:14:10: error: 'sec_osal.h' file not found [clang-diagnostic-error]
/home/runner/work/android_kernel_mt8163/android_kernel_mt8163/kernel/alps/tb8163p3_bsp/drivers/gpu/drm/nouveau/nvkm/engine/pm/priv.h:4:10: error: 'engine/pm.h' file not found [clang-diagnostic-error]
/home/runner/work/android_kernel_mt8163/android_kernel_mt8163/kernel/alps/tb8163p3_bsp/drivers/gpu/drm/nouveau/nvkm/engine/gr/priv.h:4:10: error: 'engine/gr.h' file not found [clang-diagnostic-error]
/home/runner/work/android_kernel_mt8163/android_kernel_mt8163/kernel/alps/tb8163p3_bsp/drivers/gpu/drm/nouveau/nvkm/engine/gr/priv.h:4:10: error: 'engine/gr.h' file not found [clang-diagnostic-error]
/home/runner/work/android_kernel_mt8163/android_kernel_mt8163/kernel/alps/tb8163p3_bsp/drivers/gpu/drm/nouveau/nvkm/subdev/bios/timing.c:24:10: error: 'subdev/bios.h' file not found [clang-diagnostic-error]
/home/runner/work/android_kernel_mt8163/android_kernel_mt8163/kernel/alps/tb8163p3_bsp/drivers/gpu/drm/nouveau/nvkm/subdev/volt/priv.h:4:10: error: 'subdev/volt.h' file not found [clang-diagnostic-error]
/home/runner/work/android_kernel_mt8163/android_kernel_mt8163/kernel/alps/tb8163p3_bsp/drivers/gpu/drm/nouveau/nvkm/subdev/devinit/priv.h:4:10: error: 'subdev/devinit.h' file not found [clang-diagnostic-error]
/home/runner/work/android_kernel_mt8163/android_kernel_mt8163/kernel/alps/tb8163p3_bsp/drivers/media/usb/gspca/gl860/gl860.h:22:10: error: 'gspca.h' file not found [clang-diagnostic-error]
/home/runner/work/android_kernel_mt8163/android_kernel_mt8163/kernel/alps/tb8163p3_bsp/drivers/gpu/drm/nouveau/nvkm/subdev/bios/iccsense.c:24:10: error: 'subdev/bios.h' file not found [clang-diagnostic-error]
/home/runner/work/android_kernel_mt8163/android_kernel_mt8163/kernel/alps/tb8163p3_bsp/drivers/gpu/drm/nouveau/nvkm/subdev/therm/priv.h:27:10: error: 'subdev/therm.h' file not found [clang-diagnostic-error]
/home/runner/work/android_kernel_mt8163/android_kernel_mt8163/kernel/alps/tb8163p3_bsp/arch/x86/um/os-Linux/tls.c:8:10: error: 'sysdep/tls.h' file not found [clang-diagnostic-error]
/home/runner/work/android_kernel_mt8163/android_kernel_mt8163/kernel/alps/tb8163p3_bsp/drivers/gpu/drm/nouveau/nvkm/subdev/i2c/pad.h:3:10: error: 'subdev/i2c.h' file not found [clang-diagnostic-error]
/home/runner/work/android_kernel_mt8163/android_kernel_mt8163/kernel/alps/tb8163p3_bsp/drivers/gpu/drm/nouveau/nvkm/subdev/gpio/priv.h:4:10: error: 'subdev/gpio.h' file not found [clang-diagnostic-error]
/home/runner/work/android_kernel_mt8163/android_kernel_mt8163/kernel/alps/tb8163p3_bsp/lib/xz/xz_private.h:50:11: error: 'xz_config.h' file not found [clang-diagnostic-error]
/home/runner/work/android_kernel_mt8163/android_kernel_mt8163/kernel/alps/tb8163p3_bsp/drivers/gpu/drm/nouveau/nvkm/engine/ce/priv.h:3:10: error: 'engine/ce.h' file not found [clang-diagnostic-error]
/home/runner/work/android_kernel_mt8163/android_kernel_mt8163/kernel/alps/tb8163p3_bsp/drivers/mmc/host/mediatek/ComboA/mtk_sd_misc.c:14:10: error: 'generated/autoconf.h' file not found [clang-diagnostic-error]
/home/runner/work/android_kernel_mt8163/android_kernel_mt8163/kernel/alps/tb8163p3_bsp/drivers/gpu/drm/msm/mdp/mdp4/mdp4_kms.c:19:10: error: 'msm_drv.h' file not found [clang-diagnostic-error]
/home/runner/work/android_kernel_mt8163/android_kernel_mt8163/kernel/alps/tb8163p3_bsp/drivers/gpu/drm/msm/mdp/mdp5/mdp5_kms.h:21:10: error: 'msm_drv.h' file not found [clang-diagnostic-error]
/home/runner/work/android_kernel_mt8163/android_kernel_mt8163/kernel/alps/tb8163p3_bsp/drivers/gpu/drm/nouveau/nvkm/engine/disp/priv.h:3:10: error: 'engine/disp.h' file not found [clang-diagnostic-error]
/home/runner/work/android_kernel_mt8163/android_kernel_mt8163/kernel/alps/tb8163p3_bsp/tools/build/feature/test-libpython-version.c:1:10: error: 'Python.h' file not found [clang-diagnostic-error]
/home/runner/work/android_kernel_mt8163/android_kernel_mt8163/kernel/alps/tb8163p3_bsp/tools/usb/usbip/src/usbip_list.c:23:10: error: 'libudev.h' file not found [clang-diagnostic-error]
/home/runner/work/android_kernel_mt8163/android_kernel_mt8163/kernel/alps/tb8163p3_bsp/drivers/gpu/drm/nouveau/nvkm/subdev/devinit/priv.h:4:10: error: 'subdev/devinit.h' file not found [clang-diagnostic-error]
/home/runner/work/android_kernel_mt8163/android_kernel_mt8163/kernel/alps/tb8163p3_bsp/sound/soc/mediatek/common_int/mtk-soc-pcm-dl1-i2s0.c:50:10: error: 'mtk-auddrv-afe.h' file not found [clang-diagnostic-error]
/home/runner/work/android_kernel_mt8163/android_kernel_mt8163/kernel/alps/tb8163p3_bsp/drivers/media/dvb-frontends/mn88472_priv.h:20:10: error: 'dvb_frontend.h' file not found [clang-diagnostic-error]
/home/runner/work/android_kernel_mt8163/android_kernel_mt8163/kernel/alps/tb8163p3_bsp/drivers/gpu/drm/nouveau/nvkm/engine/disp/priv.h:3:10: error: 'engine/disp.h' file not found [clang-diagnostic-error]
/home/runner/work/android_kernel_mt8163/android_kernel_mt8163/kernel/alps/tb8163p3_bsp/drivers/gpu/drm/nouveau/nvkm/engine/fifo/priv.h:4:10: error: 'engine/fifo.h' file not found [clang-diagnostic-error]
/home/runner/work/android_kernel_mt8163/android_kernel_mt8163/kernel/alps/tb8163p3_bsp/arch/x86/um/os-Linux/mcontext.c:4:10: error: 'sysdep/ptrace.h' file not found [clang-diagnostic-error]
/home/runner/work/android_kernel_mt8163/android_kernel_mt8163/kernel/alps/tb8163p3_bsp/drivers/gpu/drm/nouveau/nvkm/subdev/fb/priv.h:4:10: error: 'subdev/fb.h' file not found [clang-diagnostic-error]
/home/runner/work/android_kernel_mt8163/android_kernel_mt8163/kernel/alps/tb8163p3_bsp/drivers/gpu/drm/msm/mdp/mdp5/mdp5_kms.h:21:10: error: 'msm_drv.h' file not found [clang-diagnostic-error]
/home/runner/work/android_kernel_mt8163/android_kernel_mt8163/kernel/alps/tb8163p3_bsp/drivers/gpu/drm/nouveau/nvkm/subdev/bios/fan.c:24:10: error: 'subdev/bios.h' file not found [clang-diagnostic-error]
/home/runner/work/android_kernel_mt8163/android_kernel_mt8163/kernel/alps/tb8163p3_bsp/drivers/misc/mediatek/sensors-1.0/situation/tilt_detector/tiltdetecthub.c:19:10: error: 'situation.h' file not found [clang-diagnostic-error]
/home/runner/work/android_kernel_mt8163/android_kernel_mt8163/kernel/alps/tb8163p3_bsp/fs/xfs/libxfs/xfs_refcount_btree.c:20:10: error: 'xfs.h' file not found [clang-diagnostic-error]
/home/runner/work/android_kernel_mt8163/android_kernel_mt8163/kernel/alps/tb8163p3_bsp/drivers/crypto/qat/qat_dh895xccvf/adf_dh895xccvf_hw_data.c:47:10: error: 'adf_accel_devices.h' file not found [clang-diagnostic-error]
/home/runner/work/android_kernel_mt8163/android_kernel_mt8163/kernel/alps/tb8163p3_bsp/drivers/gpu/drm/nouveau/nvkm/subdev/therm/priv.h:27:10: error: 'subdev/therm.h' file not found [clang-diagnostic-error]
/home/runner/work/android_kernel_mt8163/android_kernel_mt8163/kernel/alps/tb8163p3_bsp/drivers/auxdisplay/img-ascii-lcd.c:11:10: error: 'generated/utsrelease.h' file not found [clang-diagnostic-error]
/home/runner/work/android_kernel_mt8163/android_kernel_mt8163/kernel/alps/tb8163p3_bsp/drivers/gpu/drm/nouveau/nvkm/subdev/clk/gm20b.c:23:10: error: 'subdev/clk.h' file not found [clang-diagnostic-error]
/home/runner/work/android_kernel_mt8163/android_kernel_mt8163/kernel/alps/tb8163p3_bsp/fs/xfs/xfs_linux.h:41:10: error: 'xfs_types.h' file not found [clang-diagnostic-error]
/home/runner/work/android_kernel_mt8163/android_kernel_mt8163/kernel/alps/tb8163p3_bsp/sound/soc/mediatek/common_int/mtk-soc-tdm-capture.c:50:10: error: 'mtk-auddrv-afe.h' file not found [clang-diagnostic-error]
/home/runner/work/android_kernel_mt8163/android_kernel_mt8163/kernel/alps/tb8163p3_bsp/fs/xfs/libxfs/xfs_da_format.c:19:10: error: 'xfs.h' file not found [clang-diagnostic-error]
/home/runner/work/android_kernel_mt8163/android_kernel_mt8163/kernel/alps/tb8163p3_bsp/drivers/gpu/drm/nouveau/nvkm/engine/dma/priv.h:4:10: error: 'engine/dma.h' file not found [clang-diagnostic-error]
/home/runner/work/android_kernel_mt8163/android_kernel_mt8163/kernel/alps/tb8163p3_bsp/drivers/gpu/drm/nouveau/nvkm/engine/ce/priv.h:3:10: error: 'engine/ce.h' file not found [clang-diagnostic-error]
/home/runner/work/android_kernel_mt8163/android_kernel_mt8163/kernel/alps/tb8163p3_bsp/drivers/gpu/drm/nouveau/nvkm/subdev/bios/priv.h:4:10: error: 'subdev/bios.h' file not found [clang-diagnostic-error]
/home/runner/work/android_kernel_mt8163/android_kernel_mt8163/kernel/alps/tb8163p3_bsp/drivers/gpu/drm/nouveau/nvkm/engine/gr/priv.h:4:10: error: 'engine/gr.h' file not found [clang-diagnostic-error]
/home/runner/work/android_kernel_mt8163/android_kernel_mt8163/kernel/alps/tb8163p3_bsp/scripts/dtc/libfdt/fdt_empty_tree.c:53:10: error: 'fdt.h' file not found with <angled> include; use "quotes" instead [clang-diagnostic-error]
/home/runner/work/android_kernel_mt8163/android_kernel_mt8163/kernel/alps/tb8163p3_bsp/scripts/dtc/libfdt/libfdt_internal.h:53:10: error: 'fdt.h' file not found with <angled> include; use "quotes" instead [clang-diagnostic-error]
/home/runner/work/android_kernel_mt8163/android_kernel_mt8163/kernel/alps/tb8163p3_bsp/drivers/gpu/drm/nouveau/nvkm/subdev/clk/priv.h:4:10: error: 'subdev/clk.h' file not found [clang-diagnostic-error]
/home/runner/work/android_kernel_mt8163/android_kernel_mt8163/kernel/alps/tb8163p3_bsp/drivers/gpu/drm/nouveau/nvkm/engine/disp/priv.h:3:10: error: 'engine/disp.h' file not found [clang-diagnostic-error]
/home/runner/work/android_kernel_mt8163/android_kernel_mt8163/kernel/alps/tb8163p3_bsp/drivers/misc/mediatek/sensors-1.0/step_counter/stepsignhub/stepsignhub.c:19:10: error: 'step_counter.h' file not found [clang-diagnostic-error]
/home/runner/work/android_kernel_mt8163/android_kernel_mt8163/kernel/alps/tb8163p3_bsp/drivers/media/pci/ttpci/budget.h:5:10: error: 'dvb_frontend.h' file not found [clang-diagnostic-error]
/home/runner/work/android_kernel_mt8163/android_kernel_mt8163/kernel/alps/tb8163p3_bsp/tools/usb/usbip/libsrc/usbip_common.h:8:10: error: 'libudev.h' file not found [clang-diagnostic-error]
/home/runner/work/android_kernel_mt8163/android_kernel_mt8163/kernel/alps/tb8163p3_bsp/drivers/gpu/drm/nouveau/nvkm/core/option.c:24:10: error: 'core/option.h' file not found [clang-diagnostic-error]
/home/runner/work/android_kernel_mt8163/android_kernel_mt8163/kernel/alps/tb8163p3_bsp/drivers/misc/mediatek/cmdq/v2/mtee/cmdq_sec.c:14:10: error: 'cmdq_sec.h' file not found [clang-diagnostic-error]
/home/runner/work/android_kernel_mt8163/android_kernel_mt8163/kernel/alps/tb8163p3_bsp/drivers/media/tuners/m88rs6000t.h:20:10: error: 'dvb_frontend.h' file not found [clang-diagnostic-error]
/home/runner/work/android_kernel_mt8163/android_kernel_mt8163/kernel/alps/tb8163p3_bsp/drivers/gpu/drm/nouveau/nvkm/subdev/fb/priv.h:4:10: error: 'subdev/fb.h' file not found [clang-diagnostic-error]
/home/runner/work/android_kernel_mt8163/android_kernel_mt8163/kernel/alps/tb8163p3_bsp/drivers/gpu/drm/nouveau/nvkm/subdev/devinit/priv.h:4:10: error: 'subdev/devinit.h' file not found [clang-diagnostic-error]
/home/runner/work/android_kernel_mt8163/android_kernel_mt8163/kernel/alps/tb8163p3_bsp/drivers/misc/mediatek/sensors-1.0/sensorfusion/linearacchub/linearacchub.c:31:10: error: 'fusion.h' file not found [clang-diagnostic-error]
/home/runner/work/android_kernel_mt8163/android_kernel_mt8163/kernel/alps/tb8163p3_bsp/tools/build/feature/test-libunwind-x86.c:1:10: error: 'libunwind-x86.h' file not found [clang-diagnostic-error]
/home/runner/work/android_kernel_mt8163/android_kernel_mt8163/kernel/alps/tb8163p3_bsp/tools/power/acpi/os_specific/service_layers/osunixmap.c:44:10: error: 'acpidump.h' file not found [clang-diagnostic-error]
/home/runner/work/android_kernel_mt8163/android_kernel_mt8163/kernel/alps/tb8163p3_bsp/drivers/gpu/drm/nouveau/nvkm/engine/disp/priv.h:3:10: error: 'engine/disp.h' file not found [clang-diagnostic-error]
/home/runner/work/android_kernel_mt8163/android_kernel_mt8163/kernel/alps/tb8163p3_bsp/drivers/gpu/drm/nouveau/nvkm/engine/disp/priv.h:3:10: error: 'engine/disp.h' file not found [clang-diagnostic-error]
/home/runner/work/android_kernel_mt8163/android_kernel_mt8163/kernel/alps/tb8163p3_bsp/drivers/gpu/drm/nouveau/nvkm/subdev/fb/priv.h:4:10: error: 'subdev/fb.h' file not found [clang-diagnostic-error]
/home/runner/work/android_kernel_mt8163/android_kernel_mt8163/kernel/alps/tb8163p3_bsp/drivers/gpu/drm/nouveau/nvkm/subdev/fb/priv.h:4:10: error: 'subdev/fb.h' file not found [clang-diagnostic-error]
/home/runner/work/android_kernel_mt8163/android_kernel_mt8163/kernel/alps/tb8163p3_bsp/sound/soc/mediatek/common_int/mtk-soc-pcm-mrgrx.c:49:10: error: 'mtk-auddrv-afe.h' file not found [clang-diagnostic-error]
/home/runner/work/android_kernel_mt8163/android_kernel_mt8163/kernel/alps/tb8163p3_bsp/drivers/gpu/drm/nouveau/nvkm/engine/msvld/priv.h:3:10: error: 'engine/msvld.h' file not found [clang-diagnostic-error]
/home/runner/work/android_kernel_mt8163/android_kernel_mt8163/kernel/alps/tb8163p3_bsp/drivers/gpu/drm/nouveau/nvkm/subdev/bus/priv.h:4:10: error: 'subdev/bus.h' file not found [clang-diagnostic-error]
/home/runner/work/android_kernel_mt8163/android_kernel_mt8163/kernel/alps/tb8163p3_bsp/drivers/gpu/drm/nouveau/nvkm/subdev/mc/priv.h:4:10: error: 'subdev/mc.h' file not found [clang-diagnostic-error]
/home/runner/work/android_kernel_mt8163/android_kernel_mt8163/kernel/alps/tb8163p3_bsp/drivers/gpu/drm/nouveau/nvkm/subdev/i2c/priv.h:4:10: error: 'subdev/i2c.h' file not found [clang-diagnostic-error]
/home/runner/work/android_kernel_mt8163/android_kernel_mt8163/kernel/alps/tb8163p3_bsp/fs/xfs/xfs_linux.h:41:10: error: 'xfs_types.h' file not found [clang-diagnostic-error]
/home/runner/work/android_kernel_mt8163/android_kernel_mt8163/kernel/alps/tb8163p3_bsp/drivers/gpu/drm/nouveau/nvkm/engine/device/acpi.h:3:10: error: 'core/os.h' file not found [clang-diagnostic-error]
/home/runner/work/android_kernel_mt8163/android_kernel_mt8163/kernel/alps/tb8163p3_bsp/drivers/gpu/drm/nouveau/nvkm/subdev/bios/M0209.c:24:10: error: 'subdev/bios.h' file not found [clang-diagnostic-error]
/home/runner/work/android_kernel_mt8163/android_kernel_mt8163/kernel/alps/tb8163p3_bsp/fs/xfs/xfs_linux.h:41:10: error: 'xfs_types.h' file not found [clang-diagnostic-error]
/home/runner/work/android_kernel_mt8163/android_kernel_mt8163/kernel/alps/tb8163p3_bsp/sound/soc/mediatek/common_int/mtk-auddrv-common.h:46:10: error: 'mtk-auddrv-afe.h' file not found [clang-diagnostic-error]
/home/runner/work/android_kernel_mt8163/android_kernel_mt8163/kernel/alps/tb8163p3_bsp/fs/xfs/xfs_linux.h:41:10: error: 'xfs_types.h' file not found [clang-diagnostic-error]
/home/runner/work/android_kernel_mt8163/android_kernel_mt8163/kernel/alps/tb8163p3_bsp/drivers/gpu/drm/nouveau/nvkm/engine/disp/priv.h:3:10: error: 'engine/disp.h' file not found [clang-diagnostic-error]
/home/runner/work/android_kernel_mt8163/android_kernel_mt8163/kernel/alps/tb8163p3_bsp/drivers/gpu/drm/nouveau/nvkm/engine/device/tegra.c:22:10: error: 'core/tegra.h' file not found [clang-diagnostic-error]
/home/runner/work/android_kernel_mt8163/android_kernel_mt8163/kernel/alps/tb8163p3_bsp/drivers/scsi/pcmcia/fdomain_core.c:2:10: error: 'fdomain.c' file not found [clang-diagnostic-error]
/home/runner/work/android_kernel_mt8163/android_kernel_mt8163/kernel/alps/tb8163p3_bsp/drivers/gpu/drm/nouveau/nvkm/engine/fifo/priv.h:4:10: error: 'engine/fifo.h' file not found [clang-diagnostic-error]
/home/runner/work/android_kernel_mt8163/android_kernel_mt8163/kernel/alps/tb8163p3_bsp/fs/xfs/xfs_linux.h:41:10: error: 'xfs_types.h' file not found [clang-diagnostic-error]
/home/runner/work/android_kernel_mt8163/android_kernel_mt8163/kernel/alps/tb8163p3_bsp/fs/xfs/xfs_linux.h:41:10: error: 'xfs_types.h' file not found [clang-diagnostic-error]
/home/runner/work/android_kernel_mt8163/android_kernel_mt8163/kernel/alps/tb8163p3_bsp/arch/sh/include/asm/asm-offsets.h:1:10: error: 'generated/asm-offsets.h' file not found [clang-diagnostic-error]
/home/runner/work/android_kernel_mt8163/android_kernel_mt8163/kernel/alps/tb8163p3_bsp/drivers/gpu/drm/nouveau/nvkm/engine/disp/priv.h:3:10: error: 'engine/disp.h' file not found [clang-diagnostic-error]
/home/runner/work/android_kernel_mt8163/android_kernel_mt8163/kernel/alps/tb8163p3_bsp/drivers/gpu/drm/nouveau/nvkm/core/object.c:24:10: error: 'core/object.h' file not found [clang-diagnostic-error]
/home/runner/work/android_kernel_mt8163/android_kernel_mt8163/kernel/alps/tb8163p3_bsp/drivers/gpu/drm/nouveau/nvkm/engine/disp/priv.h:3:10: error: 'engine/disp.h' file not found [clang-diagnostic-error]
/home/runner/work/android_kernel_mt8163/android_kernel_mt8163/kernel/alps/tb8163p3_bsp/drivers/gpu/drm/nouveau/nvkm/engine/disp/priv.h:3:10: error: 'engine/disp.h' file not found [clang-diagnostic-error]
/home/runner/work/android_kernel_mt8163/android_kernel_mt8163/kernel/alps/tb8163p3_bsp/sound/soc/mediatek/common_int/mtk-soc-pcm-dl2.c:49:10: error: 'mtk-auddrv-afe.h' file not found [clang-diagnostic-error]
/home/runner/work/android_kernel_mt8163/android_kernel_mt8163/kernel/alps/tb8163p3_bsp/fs/xfs/xfs_linux.h:41:10: error: 'xfs_types.h' file not found [clang-diagnostic-error]
/home/runner/work/android_kernel_mt8163/android_kernel_mt8163/kernel/alps/tb8163p3_bsp/drivers/gpu/drm/nouveau/nvkm/engine/vp/g84.c:24:10: error: 'engine/vp.h' file not found [clang-diagnostic-error]
/home/runner/work/android_kernel_mt8163/android_kernel_mt8163/kernel/alps/tb8163p3_bsp/drivers/misc/mediatek/mtk_sdio/sd.c:20:10: error: 'generated/autoconf.h' file not found [clang-diagnostic-error]
/home/runner/work/android_kernel_mt8163/android_kernel_mt8163/kernel/alps/tb8163p3_bsp/fs/xfs/xfs_linux.h:41:10: error: 'xfs_types.h' file not found [clang-diagnostic-error]
/home/runner/work/android_kernel_mt8163/android_kernel_mt8163/kernel/alps/tb8163p3_bsp/tools/perf/util/intel-pt-decoder/inat.c:24:10: error: 'inat-tables.c' file not found [clang-diagnostic-error]
/home/runner/work/android_kernel_mt8163/android_kernel_mt8163/kernel/alps/tb8163p3_bsp/drivers/gpu/drm/nouveau/nvkm/engine/mspdec/priv.h:3:10: error: 'engine/mspdec.h' file not found [clang-diagnostic-error]
/home/runner/work/android_kernel_mt8163/android_kernel_mt8163/kernel/alps/tb8163p3_bsp/tools/perf/tests/hists_output.c:2:10: error: 'util/debug.h' file not found [clang-diagnostic-error]
/home/runner/work/android_kernel_mt8163/android_kernel_mt8163/kernel/alps/tb8163p3_bsp/drivers/gpu/drm/nouveau/nvkm/engine/disp/priv.h:3:10: error: 'engine/disp.h' file not found [clang-diagnostic-error]
/home/runner/work/android_kernel_mt8163/android_kernel_mt8163/kernel/alps/tb8163p3_bsp/fs/xfs/xfs_linux.h:41:10: error: 'xfs_types.h' file not found [clang-diagnostic-error]
/home/runner/work/android_kernel_mt8163/android_kernel_mt8163/kernel/alps/tb8163p3_bsp/drivers/gpu/drm/nouveau/nvkm/subdev/devinit/priv.h:4:10: error: 'subdev/devinit.h' file not found [clang-diagnostic-error]
/home/runner/work/android_kernel_mt8163/android_kernel_mt8163/kernel/alps/tb8163p3_bsp/fs/xfs/libxfs/xfs_alloc_btree.c:18:10: error: 'xfs.h' file not found [clang-diagnostic-error]
/home/runner/work/android_kernel_mt8163/android_kernel_mt8163/kernel/alps/tb8163p3_bsp/drivers/gpu/drm/nouveau/nvkm/engine/disp/priv.h:3:10: error: 'engine/disp.h' file not found [clang-diagnostic-error]
/home/runner/work/android_kernel_mt8163/android_kernel_mt8163/kernel/alps/tb8163p3_bsp/drivers/gpu/drm/nouveau/nvkm/engine/disp/priv.h:3:10: error: 'engine/disp.h' file not found [clang-diagnostic-error]
/home/runner/work/android_kernel_mt8163/android_kernel_mt8163/kernel/alps/tb8163p3_bsp/drivers/gpu/drm/nouveau/nvkm/subdev/i2c/pad.h:3:10: error: 'subdev/i2c.h' file not found [clang-diagnostic-error]
/home/runner/work/android_kernel_mt8163/android_kernel_mt8163/kernel/alps/tb8163p3_bsp/drivers/gpu/drm/nouveau/nvkm/engine/device/priv.h:3:10: error: 'core/device.h' file not found [clang-diagnostic-error]
/home/runner/work/android_kernel_mt8163/android_kernel_mt8163/kernel/alps/tb8163p3_bsp/drivers/gpu/drm/nouveau/nvkm/subdev/devinit/priv.h:4:10: error: 'subdev/devinit.h' file not found [clang-diagnostic-error]
/home/runner/work/android_kernel_mt8163/android_kernel_mt8163/kernel/alps/tb8163p3_bsp/tools/testing/selftests/powerpc/alignment/paste_unaligned.c:16:10: error: 'utils.h' file not found [clang-diagnostic-error]
/home/runner/work/android_kernel_mt8163/android_kernel_mt8163/kernel/alps/tb8163p3_bsp/drivers/gpu/drm/nouveau/nvkm/subdev/mc/priv.h:4:10: error: 'subdev/mc.h' file not found [clang-diagnostic-error]
/home/runner/work/android_kernel_mt8163/android_kernel_mt8163/kernel/alps/tb8163p3_bsp/drivers/misc/mediatek/masp/asfv2/mach/hacc_lib.c:14:10: error: 'sec_osal.h' file not found [clang-diagnostic-error]
/home/runner/work/android_kernel_mt8163/android_kernel_mt8163/kernel/alps/tb8163p3_bsp/drivers/gpu/drm/nouveau/nvkm/core/ioctl.c:24:10: error: 'core/ioctl.h' file not found [clang-diagnostic-error]
/home/runner/work/android_kernel_mt8163/android_kernel_mt8163/kernel/alps/tb8163p3_bsp/drivers/gpu/drm/nouveau/nvkm/engine/disp/priv.h:3:10: error: 'engine/disp.h' file not found [clang-diagnostic-error]
/home/runner/work/android_kernel_mt8163/android_kernel_mt8163/kernel/alps/tb8163p3_bsp/drivers/gpu/drm/nouveau/nvkm/engine/disp/conn.h:3:10: error: 'engine/disp.h' file not found [clang-diagnostic-error]
/home/runner/work/android_kernel_mt8163/android_kernel_mt8163/kernel/alps/tb8163p3_bsp/drivers/gpu/drm/nouveau/nvkm/engine/gr/ctxnv40.h:3:10: error: 'core/gpuobj.h' file not found [clang-diagnostic-error]
/home/runner/work/android_kernel_mt8163/android_kernel_mt8163/kernel/alps/tb8163p3_bsp/drivers/gpu/drm/i915/gvt/gvt.c:27:10: error: 'i915_drv.h' file not found [clang-diagnostic-error]
/home/runner/work/android_kernel_mt8163/android_kernel_mt8163/kernel/alps/tb8163p3_bsp/drivers/misc/mediatek/video/mt8163/dispsys/ddp_dsi.c:16:10: error: 'disp_drv_log.h' file not found [clang-diagnostic-error]
/home/runner/work/android_kernel_mt8163/android_kernel_mt8163/kernel/alps/tb8163p3_bsp/arch/x86/um/fault.c:6:10: error: 'sysdep/ptrace.h' file not found [clang-diagnostic-error]
/home/runner/work/android_kernel_mt8163/android_kernel_mt8163/kernel/alps/tb8163p3_bsp/drivers/gpu/drm/nouveau/nvkm/subdev/bios/dp.c:24:10: error: 'subdev/bios.h' file not found [clang-diagnostic-error]
/home/runner/work/android_kernel_mt8163/android_kernel_mt8163/kernel/alps/tb8163p3_bsp/arch/mips/loongson64/common/cs5536/cs5536_acc.c:16:10: error: 'cs5536/cs5536.h' file not found [clang-diagnostic-error]
/home/runner/work/android_kernel_mt8163/android_kernel_mt8163/kernel/alps/tb8163p3_bsp/sound/soc/mediatek/common_int/mtk-soc-afe-control.h:54:10: error: 'mtk-auddrv-afe.h' file not found [clang-diagnostic-error]
/home/runner/work/android_kernel_mt8163/android_kernel_mt8163/kernel/alps/tb8163p3_bsp/drivers/net/fddi/skfp/h/targethw.h:30:10: error: 'fplus.h' file not found [clang-diagnostic-error]
/home/runner/work/android_kernel_mt8163/android_kernel_mt8163/kernel/alps/tb8163p3_bsp/sound/soc/mediatek/common_int/mtk-soc-pcm-routing.c:50:10: error: 'mtk-auddrv-afe.h' file not found [clang-diagnostic-error]
/home/runner/work/android_kernel_mt8163/android_kernel_mt8163/kernel/alps/tb8163p3_bsp/drivers/gpu/drm/nouveau/nvkm/engine/mspdec/priv.h:3:10: error: 'engine/mspdec.h' file not found [clang-diagnostic-error]
/home/runner/work/android_kernel_mt8163/android_kernel_mt8163/kernel/alps/tb8163p3_bsp/drivers/gpu/drm/nouveau/nvkm/subdev/bios/npde.c:24:10: error: 'subdev/bios.h' file not found [clang-diagnostic-error]
/home/runner/work/android_kernel_mt8163/android_kernel_mt8163/kernel/alps/tb8163p3_bsp/drivers/gpu/drm/nouveau/nvkm/subdev/therm/priv.h:27:10: error: 'subdev/therm.h' file not found [clang-diagnostic-error]
/home/runner/work/android_kernel_mt8163/android_kernel_mt8163/kernel/alps/tb8163p3_bsp/drivers/gpu/drm/nouveau/nvkm/subdev/bios/M0203.c:24:10: error: 'subdev/bios.h' file not found [clang-diagnostic-error]
/home/runner/work/android_kernel_mt8163/android_kernel_mt8163/kernel/alps/tb8163p3_bsp/drivers/gpu/drm/nouveau/nvkm/engine/sec/g98.c:24:10: error: 'engine/sec.h' file not found [clang-diagnostic-error]
/home/runner/work/android_kernel_mt8163/android_kernel_mt8163/kernel/alps/tb8163p3_bsp/fs/xfs/xfs_linux.h:41:10: error: 'xfs_types.h' file not found [clang-diagnostic-error]
/home/runner/work/android_kernel_mt8163/android_kernel_mt8163/kernel/alps/tb8163p3_bsp/drivers/gpu/drm/nouveau/nvkm/subdev/bios/rammap.c:24:10: error: 'subdev/bios.h' file not found [clang-diagnostic-error]
/home/runner/work/android_kernel_mt8163/android_kernel_mt8163/kernel/alps/tb8163p3_bsp/lib/../scripts/dtc/libfdt/fdt_sw.c:53:10: error: 'fdt.h' file not found with <angled> include; use "quotes" instead [clang-diagnostic-error]
/home/runner/work/android_kernel_mt8163/android_kernel_mt8163/kernel/alps/tb8163p3_bsp/lib/../scripts/dtc/libfdt/libfdt_internal.h:53:10: error: 'fdt.h' file not found with <angled> include; use "quotes" instead [clang-diagnostic-error]
/home/runner/work/android_kernel_mt8163/android_kernel_mt8163/kernel/alps/tb8163p3_bsp/drivers/gpu/drm/nouveau/nvkm/subdev/therm/priv.h:27:10: error: 'subdev/therm.h' file not found [clang-diagnostic-error]
/home/runner/work/android_kernel_mt8163/android_kernel_mt8163/kernel/alps/tb8163p3_bsp/drivers/gpu/drm/nouveau/nvkm/subdev/mc/priv.h:4:10: error: 'subdev/mc.h' file not found [clang-diagnostic-error]
/home/runner/work/android_kernel_mt8163/android_kernel_mt8163/kernel/alps/tb8163p3_bsp/sound/soc/mediatek/codec/mt6355/mtk-auddrv-ana.h:51:10: error: 'mtk-auddrv-common.h' file not found [clang-diagnostic-error]
/home/runner/work/android_kernel_mt8163/android_kernel_mt8163/kernel/alps/tb8163p3_bsp/fs/xfs/xfs_linux.h:41:10: error: 'xfs_types.h' file not found [clang-diagnostic-error]
/home/runner/work/android_kernel_mt8163/android_kernel_mt8163/kernel/alps/tb8163p3_bsp/drivers/gpu/drm/nouveau/nvkm/subdev/bios/bit.c:24:10: error: 'subdev/bios.h' file not found [clang-diagnostic-error]
/home/runner/work/android_kernel_mt8163/android_kernel_mt8163/kernel/alps/tb8163p3_bsp/drivers/misc/mediatek/imgsensor/src/common/v1/imgsensor.c:13:10: error: 'imgsensor_cfg_table.h' file not found [clang-diagnostic-error]
/home/runner/work/android_kernel_mt8163/android_kernel_mt8163/kernel/alps/tb8163p3_bsp/drivers/gpu/drm/nouveau/nvkm/subdev/fb/priv.h:4:10: error: 'subdev/fb.h' file not found [clang-diagnostic-error]
/home/runner/work/android_kernel_mt8163/android_kernel_mt8163/kernel/alps/tb8163p3_bsp/arch/cris/arch-v32/lib/delay.c:9:10: error: 'hwregs/reg_rdwr.h' file not found [clang-diagnostic-error]
/home/runner/work/android_kernel_mt8163/android_kernel_mt8163/kernel/alps/tb8163p3_bsp/drivers/gpu/drm/nouveau/nvkm/engine/dma/priv.h:4:10: error: 'engine/dma.h' file not found [clang-diagnostic-error]
/home/runner/work/android_kernel_mt8163/android_kernel_mt8163/kernel/alps/tb8163p3_bsp/drivers/gpu/drm/nouveau/nvkm/subdev/bios/pcir.c:24:10: error: 'subdev/bios.h' file not found [clang-diagnostic-error]
/home/runner/work/android_kernel_mt8163/android_kernel_mt8163/kernel/alps/tb8163p3_bsp/drivers/gpu/drm/nouveau/nvkm/subdev/mxm/priv.h:4:10: error: 'subdev/mxm.h' file not found [clang-diagnostic-error]
/home/runner/work/android_kernel_mt8163/android_kernel_mt8163/kernel/alps/tb8163p3_bsp/drivers/gpu/drm/nouveau/nvkm/subdev/clk/pll.h:3:10: error: 'core/os.h' file not found [clang-diagnostic-error]
/home/runner/work/android_kernel_mt8163/android_kernel_mt8163/kernel/alps/tb8163p3_bsp/sound/soc/mediatek/common_int/mtk-soc-pcm-voice-md1.c:50:10: error: 'mtk-auddrv-afe.h' file not found [clang-diagnostic-error]
/home/runner/work/android_kernel_mt8163/android_kernel_mt8163/kernel/alps/tb8163p3_bsp/drivers/gpu/drm/nouveau/nvkm/subdev/mmu/priv.h:4:10: error: 'subdev/mmu.h' file not found [clang-diagnostic-error]
/home/runner/work/android_kernel_mt8163/android_kernel_mt8163/kernel/alps/tb8163p3_bsp/lib/../scripts/dtc/libfdt/fdt_empty_tree.c:53:10: error: 'fdt.h' file not found with <angled> include; use "quotes" instead [clang-diagnostic-error]
/home/runner/work/android_kernel_mt8163/android_kernel_mt8163/kernel/alps/tb8163p3_bsp/lib/../scripts/dtc/libfdt/libfdt_internal.h:53:10: error: 'fdt.h' file not found with <angled> include; use "quotes" instead [clang-diagnostic-error]
/home/runner/work/android_kernel_mt8163/android_kernel_mt8163/kernel/alps/tb8163p3_bsp/fs/xfs/libxfs/xfs_inode_buf.c:18:10: error: 'xfs.h' file not found [clang-diagnostic-error]
/home/runner/work/android_kernel_mt8163/android_kernel_mt8163/kernel/alps/tb8163p3_bsp/drivers/gpu/drm/nouveau/nvkm/subdev/i2c/pad.h:3:10: error: 'subdev/i2c.h' file not found [clang-diagnostic-error]
/home/runner/work/android_kernel_mt8163/android_kernel_mt8163/kernel/alps/tb8163p3_bsp/drivers/gpu/drm/nouveau/nvkm/engine/pm/priv.h:4:10: error: 'engine/pm.h' file not found [clang-diagnostic-error]
/home/runner/work/android_kernel_mt8163/android_kernel_mt8163/kernel/alps/tb8163p3_bsp/arch/x86/um/shared/sysdep/ptrace_user.h:1:10: error: 'generated/user_constants.h' file not found [clang-diagnostic-error]
/home/runner/work/android_kernel_mt8163/android_kernel_mt8163/kernel/alps/tb8163p3_bsp/drivers/gpu/drm/nouveau/nvkm/engine/disp/priv.h:3:10: error: 'engine/disp.h' file not found [clang-diagnostic-error]
/home/runner/work/android_kernel_mt8163/android_kernel_mt8163/kernel/alps/tb8163p3_bsp/arch/x86/um/stub_segv.c:6:10: error: 'sysdep/stub.h' file not found [clang-diagnostic-error]
/home/runner/work/android_kernel_mt8163/android_kernel_mt8163/kernel/alps/tb8163p3_bsp/drivers/gpu/drm/nouveau/nvkm/engine/disp/priv.h:3:10: error: 'engine/disp.h' file not found [clang-diagnostic-error]
/home/runner/work/android_kernel_mt8163/android_kernel_mt8163/kernel/alps/tb8163p3_bsp/drivers/gpu/drm/nouveau/nvkm/engine/gr/priv.h:4:10: error: 'engine/gr.h' file not found [clang-diagnostic-error]
/home/runner/work/android_kernel_mt8163/android_kernel_mt8163/kernel/alps/tb8163p3_bsp/sound/soc/mediatek/common_int/mtk-soc-pcm-hp-impedance.c:50:10: error: 'mtk-auddrv-afe.h' file not found [clang-diagnostic-error]
/home/runner/work/android_kernel_mt8163/android_kernel_mt8163/kernel/alps/tb8163p3_bsp/tools/objtool/elf.h:22:10: error: 'gelf.h' file not found [clang-diagnostic-error]
/home/runner/work/android_kernel_mt8163/android_kernel_mt8163/kernel/alps/tb8163p3_bsp/drivers/gpu/drm/nouveau/nvkm/subdev/i2c/pad.h:3:10: error: 'subdev/i2c.h' file not found [clang-diagnostic-error]
/home/runner/work/android_kernel_mt8163/android_kernel_mt8163/kernel/alps/tb8163p3_bsp/arch/mips/loongson64/common/machtype.c:15:10: error: 'loongson.h' file not found [clang-diagnostic-error]
/home/runner/work/android_kernel_mt8163/android_kernel_mt8163/kernel/alps/tb8163p3_bsp/drivers/misc/mediatek/video/mt8163/videox/mtkfb_vsync.c:14:10: error: 'generated/autoconf.h' file not found [clang-diagnostic-error]
/home/runner/work/android_kernel_mt8163/android_kernel_mt8163/kernel/alps/tb8163p3_bsp/drivers/media/tuners/fc2580.h:24:10: error: 'dvb_frontend.h' file not found [clang-diagnostic-error]
/home/runner/work/android_kernel_mt8163/android_kernel_mt8163/kernel/alps/tb8163p3_bsp/drivers/media/dvb-frontends/af9033_priv.h:25:10: error: 'dvb_frontend.h' file not found [clang-diagnostic-error]
/home/runner/work/android_kernel_mt8163/android_kernel_mt8163/kernel/alps/tb8163p3_bsp/fs/xfs/xfs_linux.h:41:10: error: 'xfs_types.h' file not found [clang-diagnostic-error]
/home/runner/work/android_kernel_mt8163/android_kernel_mt8163/kernel/alps/tb8163p3_bsp/drivers/gpu/drm/nouveau/nvkm/subdev/bar/priv.h:4:10: error: 'subdev/bar.h' file not found [clang-diagnostic-error]
/home/runner/work/android_kernel_mt8163/android_kernel_mt8163/kernel/alps/tb8163p3_bsp/drivers/gpu/drm/nouveau/nvkm/subdev/bios/disp.c:24:10: error: 'subdev/bios.h' file not found [clang-diagnostic-error]
/home/runner/work/android_kernel_mt8163/android_kernel_mt8163/kernel/alps/tb8163p3_bsp/tools/testing/selftests/powerpc/alignment/paste_last_unaligned.c:16:10: error: 'utils.h' file not found [clang-diagnostic-error]
/home/runner/work/android_kernel_mt8163/android_kernel_mt8163/kernel/alps/tb8163p3_bsp/tools/perf/arch/x86/util/unwind-libdw.c:1:10: error: 'elfutils/libdwfl.h' file not found [clang-diagnostic-error]
/home/runner/work/android_kernel_mt8163/android_kernel_mt8163/kernel/alps/tb8163p3_bsp/drivers/gpu/drm/nouveau/nvkm/subdev/devinit/priv.h:4:10: error: 'subdev/devinit.h' file not found [clang-diagnostic-error]
/home/runner/work/android_kernel_mt8163/android_kernel_mt8163/kernel/alps/tb8163p3_bsp/drivers/gpu/drm/nouveau/nvkm/subdev/fuse/priv.h:4:10: error: 'subdev/fuse.h' file not found [clang-diagnostic-error]
/home/runner/work/android_kernel_mt8163/android_kernel_mt8163/kernel/alps/tb8163p3_bsp/drivers/gpu/drm/nouveau/nvkm/engine/disp/priv.h:3:10: error: 'engine/disp.h' file not found [clang-diagnostic-error]
/home/runner/work/android_kernel_mt8163/android_kernel_mt8163/kernel/alps/tb8163p3_bsp/drivers/gpu/drm/nouveau/nvkm/engine/pm/priv.h:4:10: error: 'engine/pm.h' file not found [clang-diagnostic-error]
/home/runner/work/android_kernel_mt8163/android_kernel_mt8163/kernel/alps/tb8163p3_bsp/scripts/dtc/libfdt/fdt_sw.c:53:10: error: 'fdt.h' file not found with <angled> include; use "quotes" instead [clang-diagnostic-error]
/home/runner/work/android_kernel_mt8163/android_kernel_mt8163/kernel/alps/tb8163p3_bsp/scripts/dtc/libfdt/libfdt_internal.h:53:10: error: 'fdt.h' file not found with <angled> include; use "quotes" instead [clang-diagnostic-error]
/home/runner/work/android_kernel_mt8163/android_kernel_mt8163/kernel/alps/tb8163p3_bsp/drivers/gpu/drm/nouveau/nvkm/subdev/bios/cstep.c:24:10: error: 'subdev/bios.h' file not found [clang-diagnostic-error]
/home/runner/work/android_kernel_mt8163/android_kernel_mt8163/kernel/alps/tb8163p3_bsp/drivers/gpu/drm/nouveau/nvkm/subdev/fb/priv.h:4:10: error: 'subdev/fb.h' file not found [clang-diagnostic-error]
/home/runner/work/android_kernel_mt8163/android_kernel_mt8163/kernel/alps/tb8163p3_bsp/drivers/gpu/drm/nouveau/nvkm/engine/gr/priv.h:4:10: error: 'engine/gr.h' file not found [clang-diagnostic-error]
/home/runner/work/android_kernel_mt8163/android_kernel_mt8163/kernel/alps/tb8163p3_bsp/drivers/media/usb/dvb-usb-v2/az6007.c:24:10: error: 'drxk.h' file not found [clang-diagnostic-error]
/home/runner/work/android_kernel_mt8163/android_kernel_mt8163/kernel/alps/tb8163p3_bsp/fs/xfs/libxfs/xfs_dir2.c:18:10: error: 'xfs.h' file not found [clang-diagnostic-error]
/home/runner/work/android_kernel_mt8163/android_kernel_mt8163/kernel/alps/tb8163p3_bsp/drivers/gpu/drm/nouveau/nvkm/subdev/therm/priv.h:27:10: error: 'subdev/therm.h' file not found [clang-diagnostic-error]
/home/runner/work/android_kernel_mt8163/android_kernel_mt8163/kernel/alps/tb8163p3_bsp/drivers/gpu/drm/nouveau/nvkm/subdev/pmu/priv.h:4:10: error: 'subdev/pmu.h' file not found [clang-diagnostic-error]
/home/runner/work/android_kernel_mt8163/android_kernel_mt8163/kernel/alps/tb8163p3_bsp/arch/um/kernel/asm-offsets.c:1:10: error: 'sysdep/kernel-offsets.h' file not found [clang-diagnostic-error]
/home/runner/work/android_kernel_mt8163/android_kernel_mt8163/kernel/alps/tb8163p3_bsp/drivers/gpu/drm/nouveau/nouveau_nvif.c:29:10: error: 'core/client.h' file not found [clang-diagnostic-error]
/home/runner/work/android_kernel_mt8163/android_kernel_mt8163/kernel/alps/tb8163p3_bsp/drivers/gpu/drm/nouveau/nvkm/subdev/bios/conn.c:24:10: error: 'subdev/bios.h' file not found [clang-diagnostic-error]
/home/runner/work/android_kernel_mt8163/android_kernel_mt8163/kernel/alps/tb8163p3_bsp/drivers/gpu/drm/nouveau/nvkm/subdev/bios/priv.h:4:10: error: 'subdev/bios.h' file not found [clang-diagnostic-error]
/home/runner/work/android_kernel_mt8163/android_kernel_mt8163/kernel/alps/tb8163p3_bsp/drivers/media/usb/gspca/gl860/gl860.c:24:10: error: 'gspca.h' file not found [clang-diagnostic-error]
/home/runner/work/android_kernel_mt8163/android_kernel_mt8163/kernel/alps/tb8163p3_bsp/drivers/gpu/drm/msm/mdp/mdp4/mdp4_kms.h:21:10: error: 'msm_drv.h' file not found [clang-diagnostic-error]
/home/runner/work/android_kernel_mt8163/android_kernel_mt8163/kernel/alps/tb8163p3_bsp/fs/xfs/xfs_linux.h:41:10: error: 'xfs_types.h' file not found [clang-diagnostic-error]
/home/runner/work/android_kernel_mt8163/android_kernel_mt8163/kernel/alps/tb8163p3_bsp/sound/soc/mediatek/common_int/mtk-soc-pcm-i2s0-awb.c:50:10: error: 'mtk-auddrv-afe.h' file not found [clang-diagnostic-error]
/home/runner/work/android_kernel_mt8163/android_kernel_mt8163/kernel/alps/tb8163p3_bsp/fs/xfs/libxfs/xfs_refcount.c:20:10: error: 'xfs.h' file not found [clang-diagnostic-error]
/home/runner/work/android_kernel_mt8163/android_kernel_mt8163/kernel/alps/tb8163p3_bsp/drivers/gpu/drm/nouveau/nvkm/subdev/mc/priv.h:4:10: error: 'subdev/mc.h' file not found [clang-diagnostic-error]
/home/runner/work/android_kernel_mt8163/android_kernel_mt8163/kernel/alps/tb8163p3_bsp/drivers/gpu/drm/nouveau/nvkm/subdev/fb/priv.h:4:10: error: 'subdev/fb.h' file not found [clang-diagnostic-error]
/home/runner/work/android_kernel_mt8163/android_kernel_mt8163/kernel/alps/tb8163p3_bsp/tools/build/feature/test-libpython.c:1:10: error: 'Python.h' file not found [clang-diagnostic-error]
/home/runner/work/android_kernel_mt8163/android_kernel_mt8163/kernel/alps/tb8163p3_bsp/drivers/gpu/drm/nouveau/nvkm/engine/cipher/g84.c:24:10: error: 'engine/cipher.h' file not found [clang-diagnostic-error]
/home/runner/work/android_kernel_mt8163/android_kernel_mt8163/kernel/alps/tb8163p3_bsp/drivers/gpu/drm/nouveau/nvkm/subdev/mmu/priv.h:4:10: error: 'subdev/mmu.h' file not found [clang-diagnostic-error]
/home/runner/work/android_kernel_mt8163/android_kernel_mt8163/kernel/alps/tb8163p3_bsp/arch/mips/loongson64/lemote-2f/machtype.c:12:10: error: 'loongson.h' file not found [clang-diagnostic-error]
/home/runner/work/android_kernel_mt8163/android_kernel_mt8163/kernel/alps/tb8163p3_bsp/drivers/gpu/drm/nouveau/nvkm/subdev/i2c/pad.h:3:10: error: 'subdev/i2c.h' file not found [clang-diagnostic-error]
/home/runner/work/android_kernel_mt8163/android_kernel_mt8163/kernel/alps/tb8163p3_bsp/fs/xfs/xfs_linux.h:41:10: error: 'xfs_types.h' file not found [clang-diagnostic-error]
/home/runner/work/android_kernel_mt8163/android_kernel_mt8163/kernel/alps/tb8163p3_bsp/tools/perf/scripts/perl/Perf-Trace-Util/Context.c:34:10: error: 'EXTERN.h' file not found [clang-diagnostic-error]
/home/runner/work/android_kernel_mt8163/android_kernel_mt8163/kernel/alps/tb8163p3_bsp/drivers/gpu/drm/nouveau/nvkm/engine/device/ctrl.h:4:10: error: 'core/device.h' file not found [clang-diagnostic-error]
/home/runner/work/android_kernel_mt8163/android_kernel_mt8163/kernel/alps/tb8163p3_bsp/drivers/gpu/drm/nouveau/nvkm/engine/gr/priv.h:4:10: error: 'engine/gr.h' file not found [clang-diagnostic-error]
/home/runner/work/android_kernel_mt8163/android_kernel_mt8163/kernel/alps/tb8163p3_bsp/drivers/gpu/drm/nouveau/nvkm/engine/disp/priv.h:3:10: error: 'engine/disp.h' file not found [clang-diagnostic-error]
/home/runner/work/android_kernel_mt8163/android_kernel_mt8163/kernel/alps/tb8163p3_bsp/tools/objtool/arch/x86/lib/inat.c:24:10: error: 'inat-tables.c' file not found [clang-diagnostic-error]
/home/runner/work/android_kernel_mt8163/android_kernel_mt8163/kernel/alps/tb8163p3_bsp/drivers/gpu/drm/nouveau/nvkm/engine/disp/priv.h:3:10: error: 'engine/disp.h' file not found [clang-diagnostic-error]
/home/runner/work/android_kernel_mt8163/android_kernel_mt8163/kernel/alps/tb8163p3_bsp/tools/build/feature/test-libunwind-aarch64.c:1:10: error: 'libunwind-aarch64.h' file not found [clang-diagnostic-error]
/home/runner/work/android_kernel_mt8163/android_kernel_mt8163/kernel/alps/tb8163p3_bsp/drivers/net/fddi/skfp/h/targethw.h:30:10: error: 'fplus.h' file not found [clang-diagnostic-error]
/home/runner/work/android_kernel_mt8163/android_kernel_mt8163/kernel/alps/tb8163p3_bsp/drivers/gpu/drm/msm/mdp/mdp_kms.c:19:10: error: 'msm_drv.h' file not found [clang-diagnostic-error]
/home/runner/work/android_kernel_mt8163/android_kernel_mt8163/kernel/alps/tb8163p3_bsp/fs/xfs/libxfs/xfs_alloc.c:18:10: error: 'xfs.h' file not found [clang-diagnostic-error]
/home/runner/work/android_kernel_mt8163/android_kernel_mt8163/kernel/alps/tb8163p3_bsp/drivers/staging/vc04_services/interface/vchiq_arm/vchiq_version.c:34:10: error: 'linux/broadcom/vc_debug_sym.h' file not found [clang-diagnostic-error]
/home/runner/work/android_kernel_mt8163/android_kernel_mt8163/kernel/alps/tb8163p3_bsp/drivers/gpu/drm/nouveau/nvkm/engine/disp/priv.h:3:10: error: 'engine/disp.h' file not found [clang-diagnostic-error]
/home/runner/work/android_kernel_mt8163/android_kernel_mt8163/kernel/alps/tb8163p3_bsp/drivers/gpu/drm/nouveau/nvkm/subdev/fb/priv.h:4:10: error: 'subdev/fb.h' file not found [clang-diagnostic-error]
/home/runner/work/android_kernel_mt8163/android_kernel_mt8163/kernel/alps/tb8163p3_bsp/drivers/gpu/drm/nouveau/nvkm/subdev/pmu/priv.h:4:10: error: 'subdev/pmu.h' file not found [clang-diagnostic-error]
/home/runner/work/android_kernel_mt8163/android_kernel_mt8163/kernel/alps/tb8163p3_bsp/fs/xfs/libxfs/xfs_symlink_remote.c:19:10: error: 'xfs.h' file not found [clang-diagnostic-error]
/home/runner/work/android_kernel_mt8163/android_kernel_mt8163/kernel/alps/tb8163p3_bsp/drivers/crypto/qat/qat_c3xxxvf/adf_c3xxxvf_hw_data.c:47:10: error: 'adf_accel_devices.h' file not found [clang-diagnostic-error]
/home/runner/work/android_kernel_mt8163/android_kernel_mt8163/kernel/alps/tb8163p3_bsp/tools/usb/usbip/libsrc/usbip_common.h:8:10: error: 'libudev.h' file not found [clang-diagnostic-error]
/home/runner/work/android_kernel_mt8163/android_kernel_mt8163/kernel/alps/tb8163p3_bsp/fs/xfs/libxfs/xfs_ialloc.c:18:10: error: 'xfs.h' file not found [clang-diagnostic-error]
/home/runner/work/android_kernel_mt8163/android_kernel_mt8163/kernel/alps/tb8163p3_bsp/drivers/misc/mediatek/sensors-1.0/hwmon/hwmsen/hwmsen_helper.c:22:10: error: 'generated/autoconf.h' file not found [clang-diagnostic-error]
/home/runner/work/android_kernel_mt8163/android_kernel_mt8163/kernel/alps/tb8163p3_bsp/drivers/media/pci/ttpci/budget.h:5:10: error: 'dvb_frontend.h' file not found [clang-diagnostic-error]
/home/runner/work/android_kernel_mt8163/android_kernel_mt8163/kernel/alps/tb8163p3_bsp/sound/soc/mediatek/common_int/mtk-soc-offload-common.c:42:10: error: 'mtk-auddrv-afe.h' file not found [clang-diagnostic-error]
/home/runner/work/android_kernel_mt8163/android_kernel_mt8163/kernel/alps/tb8163p3_bsp/drivers/media/tuners/fc0012.h:24:10: error: 'dvb_frontend.h' file not found [clang-diagnostic-error]
/home/runner/work/android_kernel_mt8163/android_kernel_mt8163/kernel/alps/tb8163p3_bsp/fs/xfs/xfs_linux.h:41:10: error: 'xfs_types.h' file not found [clang-diagnostic-error]
/home/runner/work/android_kernel_mt8163/android_kernel_mt8163/kernel/alps/tb8163p3_bsp/drivers/gpu/drm/nouveau/nvkm/engine/mpeg/priv.h:3:10: error: 'engine/mpeg.h' file not found [clang-diagnostic-error]
/home/runner/work/android_kernel_mt8163/android_kernel_mt8163/kernel/alps/tb8163p3_bsp/drivers/gpu/drm/nouveau/nvkm/subdev/devinit/priv.h:4:10: error: 'subdev/devinit.h' file not found [clang-diagnostic-error]
/home/runner/work/android_kernel_mt8163/android_kernel_mt8163/kernel/alps/tb8163p3_bsp/drivers/gpu/drm/nouveau/nvkm/subdev/pmu/priv.h:4:10: error: 'subdev/pmu.h' file not found [clang-diagnostic-error]
/home/runner/work/android_kernel_mt8163/android_kernel_mt8163/kernel/alps/tb8163p3_bsp/fs/xfs/xfs_linux.h:41:10: error: 'xfs_types.h' file not found [clang-diagnostic-error]
/home/runner/work/android_kernel_mt8163/android_kernel_mt8163/kernel/alps/tb8163p3_bsp/drivers/gpu/drm/nouveau/nvkm/subdev/fb/priv.h:4:10: error: 'subdev/fb.h' file not found [clang-diagnostic-error]
/home/runner/work/android_kernel_mt8163/android_kernel_mt8163/kernel/alps/tb8163p3_bsp/fs/xfs/xfs_linux.h:41:10: error: 'xfs_types.h' file not found [clang-diagnostic-error]
/home/runner/work/android_kernel_mt8163/android_kernel_mt8163/kernel/alps/tb8163p3_bsp/drivers/gpu/drm/nouveau/nvkm/subdev/i2c/priv.h:4:10: error: 'subdev/i2c.h' file not found [clang-diagnostic-error]
/home/runner/work/android_kernel_mt8163/android_kernel_mt8163/kernel/alps/tb8163p3_bsp/fs/xfs/libxfs/xfs_attr.c:18:10: error: 'xfs.h' file not found [clang-diagnostic-error]
/home/runner/work/android_kernel_mt8163/android_kernel_mt8163/kernel/alps/tb8163p3_bsp/drivers/gpu/drm/nouveau/nvkm/engine/gr/priv.h:4:10: error: 'engine/gr.h' file not found [clang-diagnostic-error]
/home/runner/work/android_kernel_mt8163/android_kernel_mt8163/kernel/alps/tb8163p3_bsp/drivers/gpu/drm/nouveau/nvkm/engine/disp/priv.h:3:10: error: 'engine/disp.h' file not found [clang-diagnostic-error]
/home/runner/work/android_kernel_mt8163/android_kernel_mt8163/kernel/alps/tb8163p3_bsp/drivers/gpu/drm/nouveau/nvkm/engine/sw/priv.h:4:10: error: 'engine/sw.h' file not found [clang-diagnostic-error]
/home/runner/work/android_kernel_mt8163/android_kernel_mt8163/kernel/alps/tb8163p3_bsp/drivers/misc/mediatek/sensors-1.0/sensorfusion/rotatvechub/rotatvechub.c:18:10: error: 'fusion.h' file not found [clang-diagnostic-error]
/home/runner/work/android_kernel_mt8163/android_kernel_mt8163/kernel/alps/tb8163p3_bsp/drivers/gpu/drm/nouveau/nvkm/engine/disp/priv.h:3:10: error: 'engine/disp.h' file not found [clang-diagnostic-error]
/home/runner/work/android_kernel_mt8163/android_kernel_mt8163/kernel/alps/tb8163p3_bsp/arch/um/drivers/pcap_user.c:7:10: error: 'pcap.h' file not found [clang-diagnostic-error]
/home/runner/work/android_kernel_mt8163/android_kernel_mt8163/kernel/alps/tb8163p3_bsp/drivers/gpu/drm/nouveau/nvkm/engine/disp/priv.h:3:10: error: 'engine/disp.h' file not found [clang-diagnostic-error]
/home/runner/work/android_kernel_mt8163/android_kernel_mt8163/kernel/alps/tb8163p3_bsp/drivers/gpu/drm/nouveau/nvkm/subdev/mxm/priv.h:4:10: error: 'subdev/mxm.h' file not found [clang-diagnostic-error]
/home/runner/work/android_kernel_mt8163/android_kernel_mt8163/kernel/alps/tb8163p3_bsp/lib/../scripts/dtc/libfdt/fdt_ro.c:53:10: error: 'fdt.h' file not found with <angled> include; use "quotes" instead [clang-diagnostic-error]
/home/runner/work/android_kernel_mt8163/android_kernel_mt8163/kernel/alps/tb8163p3_bsp/lib/../scripts/dtc/libfdt/libfdt_internal.h:53:10: error: 'fdt.h' file not found with <angled> include; use "quotes" instead [clang-diagnostic-error]
/home/runner/work/android_kernel_mt8163/android_kernel_mt8163/kernel/alps/tb8163p3_bsp/drivers/gpu/drm/nouveau/nvkm/engine/gr/priv.h:4:10: error: 'engine/gr.h' file not found [clang-diagnostic-error]
/home/runner/work/android_kernel_mt8163/android_kernel_mt8163/kernel/alps/tb8163p3_bsp/fs/xfs/libxfs/xfs_dir2_leaf.c:19:10: error: 'xfs.h' file not found [clang-diagnostic-error]
/home/runner/work/android_kernel_mt8163/android_kernel_mt8163/kernel/alps/tb8163p3_bsp/drivers/gpu/drm/nouveau/nvkm/engine/gr/priv.h:4:10: error: 'engine/gr.h' file not found [clang-diagnostic-error]
/home/runner/work/android_kernel_mt8163/android_kernel_mt8163/kernel/alps/tb8163p3_bsp/drivers/gpu/drm/nouveau/nvkm/subdev/bios/ramcfg.c:24:10: error: 'subdev/bios.h' file not found [clang-diagnostic-error]
/home/runner/work/android_kernel_mt8163/android_kernel_mt8163/kernel/alps/tb8163p3_bsp/drivers/gpu/drm/nouveau/nvkm/core/subdev.c:24:10: error: 'core/subdev.h' file not found [clang-diagnostic-error]
/home/runner/work/android_kernel_mt8163/android_kernel_mt8163/kernel/alps/tb8163p3_bsp/drivers/misc/mediatek/base/power/mcdi/mtk_mcdi_api.c:14:10: error: 'mtk_mcdi.h' file not found [clang-diagnostic-error]
/home/runner/work/android_kernel_mt8163/android_kernel_mt8163/kernel/alps/tb8163p3_bsp/arch/mips/loongson64/common/early_printk.c:14:10: error: 'loongson.h' file not found [clang-diagnostic-error]
/home/runner/work/android_kernel_mt8163/android_kernel_mt8163/kernel/alps/tb8163p3_bsp/drivers/gpu/drm/msm/mdp/mdp4/mdp4_kms.h:21:10: error: 'msm_drv.h' file not found [clang-diagnostic-error]
/home/runner/work/android_kernel_mt8163/android_kernel_mt8163/kernel/alps/tb8163p3_bsp/include/linux/kconfig.h:4:10: error: 'generated/autoconf.h' file not found [clang-diagnostic-error]
/home/runner/work/android_kernel_mt8163/android_kernel_mt8163/kernel/alps/tb8163p3_bsp/drivers/gpu/drm/nouveau/nvkm/engine/fifo/priv.h:4:10: error: 'engine/fifo.h' file not found [clang-diagnostic-error]
/home/runner/work/android_kernel_mt8163/android_kernel_mt8163/kernel/alps/tb8163p3_bsp/drivers/misc/mediatek/video/mt8163/videox/disp_drv_log.h:16:10: error: 'ddp_debug.h' file not found [clang-diagnostic-error]
/home/runner/work/android_kernel_mt8163/android_kernel_mt8163/kernel/alps/tb8163p3_bsp/drivers/gpu/drm/nouveau/nvkm/subdev/fb/priv.h:4:10: error: 'subdev/fb.h' file not found [clang-diagnostic-error]
/home/runner/work/android_kernel_mt8163/android_kernel_mt8163/kernel/alps/tb8163p3_bsp/tools/virtio/vhost_test/vhost_test.c:1:10: error: 'test.c' file not found [clang-diagnostic-error]
/home/runner/work/android_kernel_mt8163/android_kernel_mt8163/kernel/alps/tb8163p3_bsp/drivers/misc/mediatek/connectivity/common/common_detect/drv_init/conn_drv_init.c:20:10: error: 'wmt_detect.h' file not found [clang-diagnostic-error]
/home/runner/work/android_kernel_mt8163/android_kernel_mt8163/kernel/alps/tb8163p3_bsp/fs/xfs/uuid.c:18:10: error: 'xfs.h' file not found with <angled> include; use "quotes" instead [clang-diagnostic-error]
/home/runner/work/android_kernel_mt8163/android_kernel_mt8163/kernel/alps/tb8163p3_bsp/fs/xfs/xfs_linux.h:41:10: error: 'xfs_types.h' file not found [clang-diagnostic-error]
/home/runner/work/android_kernel_mt8163/android_kernel_mt8163/kernel/alps/tb8163p3_bsp/drivers/media/dvb-frontends/ec100.c:22:10: error: 'dvb_frontend.h' file not found [clang-diagnostic-error]
/home/runner/work/android_kernel_mt8163/android_kernel_mt8163/kernel/alps/tb8163p3_bsp/drivers/media/dvb-frontends/tda10071_priv.h:24:10: error: 'dvb_frontend.h' file not found [clang-diagnostic-error]
/home/runner/work/android_kernel_mt8163/android_kernel_mt8163/kernel/alps/tb8163p3_bsp/drivers/media/dvb-frontends/af9013_priv.h:28:10: error: 'dvb_frontend.h' file not found [clang-diagnostic-error]
/home/runner/work/android_kernel_mt8163/android_kernel_mt8163/kernel/alps/tb8163p3_bsp/sound/soc/mediatek/common_int/mtk-soc-pcm-dl1-scpspk.c:50:10: error: 'audio_dma_buf_control.h' file not found [clang-diagnostic-error]
/home/runner/work/android_kernel_mt8163/android_kernel_mt8163/kernel/alps/tb8163p3_bsp/drivers/media/tuners/it913x.h:26:10: error: 'dvb_frontend.h' file not found [clang-diagnostic-error]
/home/runner/work/android_kernel_mt8163/android_kernel_mt8163/kernel/alps/tb8163p3_bsp/drivers/gpu/drm/nouveau/nvkm/subdev/ltc/priv.h:4:10: error: 'subdev/ltc.h' file not found [clang-diagnostic-error]
/home/runner/work/android_kernel_mt8163/android_kernel_mt8163/kernel/alps/tb8163p3_bsp/drivers/scsi/aic7xxx/aicasm/aicasm_symbol.c:48:10: error: 'aicdb.h' file not found [clang-diagnostic-error]
/home/runner/work/android_kernel_mt8163/android_kernel_mt8163/kernel/alps/tb8163p3_bsp/drivers/misc/mediatek/connectivity/common/common_detect/drv_init/bluetooth_drv_init.c:20:10: error: 'wmt_detect.h' file not found [clang-diagnostic-error]
/home/runner/work/android_kernel_mt8163/android_kernel_mt8163/kernel/alps/tb8163p3_bsp/arch/frv/kernel/setup.c:13:10: error: 'generated/utsrelease.h' file not found [clang-diagnostic-error]
/home/runner/work/android_kernel_mt8163/android_kernel_mt8163/kernel/alps/tb8163p3_bsp/drivers/gpu/drm/nouveau/nvkm/engine/disp/priv.h:3:10: error: 'engine/disp.h' file not found [clang-diagnostic-error]
/home/runner/work/android_kernel_mt8163/android_kernel_mt8163/kernel/alps/tb8163p3_bsp/drivers/gpu/drm/nouveau/nvkm/subdev/bios/perf.c:24:10: error: 'subdev/bios.h' file not found [clang-diagnostic-error]
/home/runner/work/android_kernel_mt8163/android_kernel_mt8163/kernel/alps/tb8163p3_bsp/drivers/gpu/drm/nouveau/nvkm/engine/pm/priv.h:4:10: error: 'engine/pm.h' file not found [clang-diagnostic-error]
/home/runner/work/android_kernel_mt8163/android_kernel_mt8163/kernel/alps/tb8163p3_bsp/drivers/gpu/drm/nouveau/nvkm/engine/gr/priv.h:4:10: error: 'engine/gr.h' file not found [clang-diagnostic-error]
/home/runner/work/android_kernel_mt8163/android_kernel_mt8163/kernel/alps/tb8163p3_bsp/arch/x86/um/bugs_64.c:7:10: error: 'sysdep/ptrace.h' file not found [clang-diagnostic-error]
/home/runner/work/android_kernel_mt8163/android_kernel_mt8163/kernel/alps/tb8163p3_bsp/drivers/gpu/drm/nouveau/nvkm/engine/disp/priv.h:3:10: error: 'engine/disp.h' file not found [clang-diagnostic-error]
/home/runner/work/android_kernel_mt8163/android_kernel_mt8163/kernel/alps/tb8163p3_bsp/drivers/gpu/drm/nouveau/nvkm/engine/gr/priv.h:4:10: error: 'engine/gr.h' file not found [clang-diagnostic-error]
/home/runner/work/android_kernel_mt8163/android_kernel_mt8163/kernel/alps/tb8163p3_bsp/tools/perf/tests/hists_common.c:2:10: error: 'util/debug.h' file not found [clang-diagnostic-error]
/home/runner/work/android_kernel_mt8163/android_kernel_mt8163/kernel/alps/tb8163p3_bsp/sound/soc/mediatek/common_int/mtk-soc-pcm-hdmi.c:50:10: error: 'mt6799-hdmi.h' file not found [clang-diagnostic-error]
/home/runner/work/android_kernel_mt8163/android_kernel_mt8163/kernel/alps/tb8163p3_bsp/drivers/gpu/drm/nouveau/nvkm/engine/gr/priv.h:4:10: error: 'engine/gr.h' file not found [clang-diagnostic-error]
/home/runner/work/android_kernel_mt8163/android_kernel_mt8163/kernel/alps/tb8163p3_bsp/drivers/media/mmc/siano/smssdio.c:35:10: error: 'smscoreapi.h' file not found [clang-diagnostic-error]
/home/runner/work/android_kernel_mt8163/android_kernel_mt8163/kernel/alps/tb8163p3_bsp/drivers/gpu/drm/nouveau/nvkm/subdev/fb/priv.h:4:10: error: 'subdev/fb.h' file not found [clang-diagnostic-error]
/home/runner/work/android_kernel_mt8163/android_kernel_mt8163/kernel/alps/tb8163p3_bsp/drivers/gpu/drm/nouveau/nvkm/engine/disp/priv.h:3:10: error: 'engine/disp.h' file not found [clang-diagnostic-error]
/home/runner/work/android_kernel_mt8163/android_kernel_mt8163/kernel/alps/tb8163p3_bsp/drivers/gpu/drm/nouveau/nvkm/subdev/fb/priv.h:4:10: error: 'subdev/fb.h' file not found [clang-diagnostic-error]
/home/runner/work/android_kernel_mt8163/android_kernel_mt8163/kernel/alps/tb8163p3_bsp/tools/build/feature/test-libunwind.c:1:10: error: 'libunwind.h' file not found [clang-diagnostic-error]
/home/runner/work/android_kernel_mt8163/android_kernel_mt8163/kernel/alps/tb8163p3_bsp/fs/xfs/xfs_linux.h:41:10: error: 'xfs_types.h' file not found [clang-diagnostic-error]
/home/runner/work/android_kernel_mt8163/android_kernel_mt8163/kernel/alps/tb8163p3_bsp/fs/xfs/xfs_linux.h:41:10: error: 'xfs_types.h' file not found [clang-diagnostic-error]
/home/runner/work/android_kernel_mt8163/android_kernel_mt8163/kernel/alps/tb8163p3_bsp/fs/xfs/xfs_linux.h:41:10: error: 'xfs_types.h' file not found [clang-diagnostic-error]
